No,Project Name,URL,Author/Team,Likes,Bookmarks,Accessible,Status,Description,IsWinner,AwardName,AwardComment,IsFinalPitch,TechStacks,Tags,ContentSummary
1,マイ国家シミュレーター,https://zenn.dev/tmkst/articles/4515c6dc4ed28b,個人,5,2,True,200,「マイ国家シミュレーター」は、仮想国家の統治者となりAIと対話しながら国を運営し、政治や社会の仕組みを楽しく学べる教育型ゲームアプリです。Google CloudのVertex AIを活用し、多様な市民の声やリアルな政策シナリオを体験可能。政治や社会が難しく感じる中高生や一般ユーザーに、自分ごととして主体的に学ぶ環境を提供します。学校やワークショップでの教材としても活用でき、ゲームの面白さとAIによる臨場感を融合した新しい学びの形を目指します。,False,,,False,"[""React"", ""TypeScript"", ""Node.js"", ""Google Cloud Platform"", ""Cloud Run"", ""Cloud Functions"", ""Vertex AI""]","[""教育"", ""政治シミュレーション"", ""ゲーム開発"", ""生成AI"", ""Google Cloud""]",仮想国家の統治者となり、AIとの対話を通じて政策決定や国運営を体験できる教育型シミュレーションアプリ。ゲーム感覚で政治や社会の仕組みを学べることを目的とし、Vertex AIによるリアルな市民の声や政策シナリオを提供する。
2,Kakuti,https://zenn.dev/ianmeng/articles/9ea26b6d0baa20,個人,3,0,True,200,Kakutiは、効率化ではなく理解の深化を重視する「AI知識パートナー」です。PDFやMarkdownの管理・編集、全文検索、ハイライトや翻訳、RAGによるAI対話を統合。読む・書く・問い直す体験を支援し、知識の内面化と成長を促します。さらに、選択範囲を直感的に指定できるMagic Wand機能を開発中で、論文や資料の探索をより自由にします。ローカル優先設計とプラガブルなLLM/埋め込みに対応し、学習と創造の循環を加速します。,False,,,False,"[""Vite"", ""React"", ""FastAPI"", ""SQLite"", ""PostgreSQL"", ""pgvector"", ""オブジェクトストレージ"", ""GitHub Actions"", ""GitHub Pages"", ""YouTube""]","[""ナレッジ管理"", ""教育"", ""RAG"", ""個人学習"", ""研究支援""]",KakutiはPDFやMarkdownを中心に、読む・考える・書き留める学習体験を再設計する個人向けナレッジプラットフォームです。AIを理解を深める伴走者として活用し、注釈、翻訳、RAG型Q&Aにより学習と知識定着を支援します。
3,A2A+MCPを使用したデータガバナンス自動化システム,https://zenn.dev/phper8080/articles/b6034eb0aba907,個人,5,1,True,200,"日本企業の97%がデータ活用で十分な成果を上げられていない課題に対し、最新のA2A（Agent-to-Agent）とMCP（Model Context Protocol）技術を活用したデータガバナンス自動化システムを開発しました。
BigQueryテーブルのメタデータ不足を自動検出し、AIが適切な論理名・説明を提案。さらに統計情報に基づく品質ルールを自動生成し、ガバナンススコアで総合評価します。親エージェントが2つの専門エージェント（BigQuery・Dataplex）を協調制御し、MCPサーバー経由でGoogle Cloudと連携。
従来170時間かかっていた品質管理業務を大幅削減し、年間374万円の効果が期待できます。",False,,,False,"[""Google Cloud Run"", ""BigQuery"", ""Google Cloud IAM"", ""Identity-Aware Proxy (IAP)"", ""OIDC"", ""VPC Service Controls"", ""Google ADK"", ""FastAPI"", ""FastAPI-MCP"", ""Chainlit"", ""Python 3.12"", ""Debian 12"", ""YouTube""]","[""データガバナンス"", ""マルチエージェント"", ""クラウドアーキテクチャ"", ""データ品質"", ""DX推進""]",本プロジェクトは、A2AとMCPを活用したマルチエージェント構成により、BigQueryのメタデータ管理や品質評価を自動化するデータガバナンス支援システムです。Google Cloud上で稼働し、AIによるメタデータ提案や品質ルール策定を通じて、DX時代の効率的なデータ活用基盤構築を支援します。
4,ピクプロ！〜Picture Prompt Game〜,https://zenn.dev/hal1986/articles/20250920-hackathon-v3,個人,1,0,True,200,AIが作成したお手本の絵を見て、「お題の絵にできるだけ近い絵を出力させるプロンプト」を考えるゲームです。対戦形式でゲームを楽しみながら、プロンプトの試行錯誤を繰り返すことで、AIに与える「プロンプトのより良い形」を学ぶことが出来ます。また、老若男女の誰でも気軽に参加できるゲームなので、コミュニケーションの促進も図れます。,False,,,False,"[""Next.js 15"", ""TypeScript"", ""Tailwind CSS"", ""Firebase Authentication"", ""Cloud Firestore"", ""Cloud Functions"", ""Cloud Storage"", ""Google Genkit"", ""Vertex AI Imagen 4.0""]","[""AIゲーム"", ""プロンプトエンジニアリング"", ""教育"", ""パーティーゲーム"", ""画像生成AI""]",「ピクプロ！」は、AIが生成したお手本画像を再現するプロンプト作成力を競う対戦型パーティーゲームです。絵を描く技術が不要で、年齢や経験を問わず楽しみながらプロンプトエンジニアリングと創造性を学べる点が特徴です。
5,AICCA(AI Content Credibility Agent),https://zenn.dev/hongbod/articles/316f27826c17ed,個人,5,0,True,200,AICCA（AI Content Credibility Agent）は、AI生成コンテンツの信頼性を検証する専門エージェントシステムです。テキスト・画像・動画を対象に真偽を判定し、ディープフェイクを含むAI生成コンテンツを高精度で検出します。ReActアーキテクチャを採用し、Sapling、C2PA、Google Vision APIなど複数の検証ツールを統合して総合的な分析を実現しています。さらにリアルタイムWebSocket通信により即座に結果を表示。情報の真偽が問われる現代において、信頼性を科学的に評価し、デジタル情報の透明性向上に貢献します。,False,,,False,"[""Google Cloud Run"", ""Gemini API"", ""Next.js"", ""WebSocket"", ""Google Vision API"", ""Sapling API"", ""c2pa-python"", ""C2PA"", ""ReAct (Reasoning + Acting)"", ""DeepFake検出エンジン""]","[""AIエージェント"", ""ディープフェイク対策"", ""コンテンツ信頼性"", ""セキュリティ"", ""広報・メディア""]",AICCAは、画像や動画、文章などのコンテンツに対し、複数の検証ツールをAIエージェントが自律的に使い分けて真偽を判定する信頼性検証システムです。DeepfakeやAI生成物が氾濫する時代に、企業やメディアが安心して情報を扱える環境を提供します。
6,おはなしまもりん,https://zenn.dev/myapp/articles/f84850bd55dc70,チーム: おはなしまもりん制作チーム,3,0,True,200,AI読み聞かせアプリ『おはなし まもりん』は、子育て中の「目が離せない」不安を解消し、「親子のあんしん時間」を創出します。動画の手軽さと読み聞かせの温かさを両立し、AIが子どもの名前や好きなものに合わせたオリジナル物語を生成・読み聞かせすることで、親子の共創体験を促します。音声中心のデザインとアクセシビリティへの配慮により、親の負担を軽減しながら、自然なコミュニケーションを深める新しい子育ての形を提案します。,False,,,False,"[""OpenAI GPT-4"", ""OpenAI DALL·E"", ""Next.js"", ""React"", ""Node.js"", ""Web Speech API"", ""Google Cloud Text-to-Speech"", ""Supabase"", ""Vercel""]","[""子育て"", ""AI読み聞かせ"", ""教育"", ""アクセシビリティ"", ""プロダクト開発""]",このプロジェクトは、AIが音声とイラスト付きの物語を自動生成する読み聞かせアプリ『おはなし まもりん』を通じて、子育て中の親の不安や負担を軽減し、親子の安心で温かなコミュニケーション時間を創出することを目的としています。動画依存と読み聞かせ負担のトレードオフを解消する新しい体験を提供します。
7,AdCraft AI,https://zenn.dev/oharu121/articles/61afd3a6f63103,個人,4,4,True,200,"商品画像から自動でコマーシャル動画を生成するAIマルチエージェントシステム。商品インテリジェンス、クリエイティブディレクター、ビデオプロデューサーの3つのAIエージェントが連携し、商品の特徴を分析→創造的なコンセプトを構築→高品質な動画を制作。Google Cloud Vertex AI (Gemini Pro Vision, Imagen, Veo API)を活用し、従来数日かかる動画制作を数分で実現。EC事業者の広告制作コストを大幅削減し、効果的なマーケティング動画の民主化を目指します。",False,,,True,"[""Next.js 15"", ""TypeScript"", ""Tailwind CSS"", ""Zustand"", ""Google Vertex AI Gemini Pro Vision"", ""Google Veo 3 API"", ""Google Imagen API"", ""Google Cloud Run"", ""Google Cloud Storage"", ""Firestore""]","[""動画生成"", ""マルチエージェントAI"", ""広告・マーケティング"", ""生成AI"", ""Google Cloud""]",AdCraft AIは、商品画像1枚から高品質なコマーシャル動画を自動生成するマルチエージェントAIシステムです。商品分析、映像戦略設計、動画生成を専門エージェントが分担し、従来高コスト・長期間だった動画制作を誰でも迅速かつ低負荷で実現します。
8,多国語版労働安全ナビゲーター,https://zenn.dev/shogonohito/articles/0e2a85773e1a8d,個人,4,1,True,200,"大型プラント建設などで働く、安価な労働力と言われているアジア圏の作業者の労働災害は後を絶たず、施主であるプラント企業などの賠償、レピュテーションリスクを下げる必要があります。
本プロジェクトは、ベンガル語を含む4か国語で、その日行う作業の注意点および対策を動画と画像を含めてわかりやすく作業員に提示することで、安全行動の実施および災害の防止に寄与するものです。",False,,,False,"[""Node.js 22"", ""Playwright"", ""Puppeteer"", ""Vertex AI"", ""@google/genai"", ""Gemini 2.5 Flash"", ""Gemini 2.5 Pro"", ""Gemini Embedding"", ""Veo 3"", ""Imagen 4"", ""Cloud Run"", ""Cloud Run Functions"", ""Firestore"", ""Firebase Authentication"", ""Cloud Storage""]","[""労働安全"", ""生成AI"", ""多国語対応"", ""業務支援ツール"", ""建設・プラント"", ""AIエージェント""]",多国籍な作業員が働く建設・プラント現場向けに、生成AIを活用して作業内容からリスクと安全対策を提示する労働安全ナビゲーターを開発。公的データや過去事故を基に、多言語・スマホ対応で朝会やTBMを支援する。
9,MAsterpIece（マスターピース）,https://zenn.dev/tea_py/articles/236d753168681e,個人,2,1,True,200,"「名作」と呼ばれる本は難しい、というイメージがあります。
「MAsterpIece」は、名作をより気軽に楽しんでもらうために、「探す」場面から「読む」場面まで、名作の読書を総合サポートするプロダクトです。
「探す」場面では、本プロダクト上での読書履歴を参考に、「司書エージェント」がおすすめの本を提案してくれます。
また、「読む」場面では、難しい表現を平易にしてくれる「ここだけ現代語訳」、読書中の様々な疑問に答える「解説エージェント」、シーンを絵にしてより楽しめる「挿絵を生成」、「動く挿絵を生成」の機能を利用できます。",False,,,False,"[""Google Gemini 2.5 Flash Lite"", ""Google ADK (Agent Development Kit)"", ""Google Cloud Run"", ""Vector Search"", ""Embedding Model"", ""SQL Database"", ""YouTube"", ""Web Search API"", ""Image Generation Model"", ""Video Generation Model""]","[""読書支援"", ""AIエージェント"", ""教育"", ""レコメンドシステム"", ""生成AI""]",MAsterpIeceは、日本の名作文学を気軽に楽しく読めるよう支援するAI読書アプリです。現代語訳、解説エージェント、挿絵や動画生成、司書エージェントによるレコメンド機能を通じ、読解や作品選びのハードルを下げます。
10,初めての子育てをAIがサポート｜Sukusuku,https://zenn.dev/mmol93/articles/3bc9849cb0af95,個人,2,0,True,200,すべての親御さんを支えるAI育児アシスタントアプリ「Sukusuku」です。従来のチャット型AIとは異なり、育児日記と赤ちゃんの生育情報を元に毎日の状態や育児日記の分析を毎日自動で行います。Vertex AIによる分析と、厚生労働省の乳幼児健診データをRAG技術で活用した科学的根拠に基づく総合評価を実施します。不足情報はGoogle Search機能で自動補完し、毎日育児専門家からアドバイスを受けているような安心感のある育児支援を提供します。,False,,,False,"[""Flutter"", ""Firebase Authentication"", ""Google Cloud Firestore"", ""Google Cloud Run"", ""Google Artifact Registry"", ""Google Vertex AI"", ""Cloud Scheduler"", ""RAG（Retrieval-Augmented Generation）"", ""Embedding（ベクトル検索）"", ""Firebase Cloud Messaging""]","[""子育て"", ""ヘルスケア"", ""RAG"", ""モバイルアプリ"", ""AIアシスタント""]",Sakusakuは、育児日記と子供の情報をもとにAIが毎日分析し、パーソナライズされた育児アドバイスを自動提供する育児支援アプリです。RAGにより公的データを活用し、忙しい親でも簡単に科学的で安心できるサポートを受けられます。
11,たべぶい,https://zenn.dev/articles/79518edd9ed12e/edit,チーム: ものたの,0,0,True,200,肉好き必見！牛・豚・鳥の各部位を食べた記録を管理し、制覇率をゲーミフィケーションで楽しめるWebアプリです。最大の特徴は、Gemini APIを活用した「Agent食べ歩きコンシェルジュ」機能。ユーザーの未制覇部位を分析し、その部位が食べられる最適なお店を自動推薦します。React + FastAPI + MySQLで構築し、Google OAuth認証で手軽にログイン。写真付きで食べた部位を記録しながら、AIが次の食べ歩き先を提案してくれる、肉愛好家のための革新的なアプリケーションです。,False,,,False,,,
12,detection-game,https://zenn.dev/megane_otoko/articles/94_ai_agent_hackathon_3rd,個人,1,1,True,200,"物体検出とゲームを組み合わせたスマホアプリ(Androidのみ)
カメラで撮影して獲得したポイントで友だちと競い合おう！
Cloud Vision APIによる物体検出結果を元にスコアを算出。
30秒以内に撮影しよう、ただし同じような画像を何度撮影してもスコアは獲得できないぞ！
いろんなものを撮影できるところでポイントを稼ごう！
ただし勝手に人や人のものを撮影するのはやめましょう。",False,,,False,"[""Flutter"", ""Android"", ""Google Cloud Vision API"", ""Cloud Functions for Firebase"", ""Google Secret Manager"", ""Firebase App Check"", ""Google Play Console"", ""GitHub Actions"", ""Firebase Test Lab"", ""YouTube""]","[""モバイルアプリ"", ""ゲーム開発"", ""物体検出"", ""画像認識"", ""クラウドサービス""]",スマートフォンのカメラで撮影した画像を物体検出し、結果に応じてポイントを獲得できるAndroid向けゲームアプリ。Cloud Vision APIを用いてスコアを算出し、短時間で多様な物体を撮影することで友人と競い合う体験を提供する。
13,Homefit Studio,https://zenn.dev/ruki_kuri_sun/articles/865667be266367,チーム: チームZ世代,7,2,True,200,"「今日、何を着ていこう…」
そんな悩みを解決するのがHomefit Studioです。

手持ちの服と自分の写真を登録し、「週末の公園デート」「取引先との会食」などシーンを入力するだけで、AIがTPOに合った最適なコーデを提案。動画で“自分が着ている姿”を確認できるので、現実味のある体験感を得られます。

服選びにかかる時間と労力を減らし、自信を持って出かけられる、新しいファッション体験型ソリューションを提供します。",False,,,False,"[""Next.js"", ""React"", ""TypeScript"", ""OpenAI GPT-4"", ""Stable Diffusion"", ""ControlNet"", ""AWS S3"", ""AWS Lambda"", ""Firebase Authentication"", ""Vercel""]","[""ファッション"", ""生成AI"", ""画像生成"", ""動画生成"", ""UI/UX"", ""ライフスタイル""]",Homefit Studioは、ユーザーが持っている服と自身の写真をもとに、入力したTPO（時間・場所・目的）に最適なコーディネートをAIが提案し、実際に自分が着用しているイメージを画像や動画で確認できる体験を提供するアプリです。服選びにかかる時間と労力を減らし、自信を持って外出できることを目指しています。
14,物体検出ゲーム,https://zenn.dev/megane_otoko/articles/94_ai_agent_hackathon_3rd,個人,1,1,True,200,"物体検出とゲームを組み合わせたスマホアプリ(Androidのみ)
カメラで撮影して獲得したポイントで友だちと競い合おう！
Cloud Vision APIによる物体検出結果を元にスコアを算出。
30秒以内に撮影しよう、ただし同じような画像を何度撮影してもスコアは獲得できないぞ！
いろんなものを撮影できるところでポイントを稼ごう！
ただし勝手に人や人のものを撮影するのはやめましょう。",False,,,False,"[""Flutter"", ""Android"", ""Google Cloud Vision API"", ""Firebase Cloud Functions"", ""Firebase App Check"", ""Google Secret Manager"", ""Google Play Console"", ""Firebase Test Lab"", ""GitHub Actions"", ""YouTube""]","[""モバイルアプリ"", ""物体検出"", ""画像認識"", ""ゲーム開発"", ""Firebase""]",カメラで撮影した画像をもとに物体検出を行い、検出結果に応じてポイントを獲得するAndroid向けゲームアプリ。Cloud Vision APIを使った検出精度と、30秒制限や重複防止といったルールにより、友だちと競いながら楽しめる設計になっている。
15,Reliable Eats,https://zenn.dev/serge/articles/61a0e06ee54d5c,個人,4,3,True,200,「Reliable Eats」は、サクラレビューに惑わされず本当に信頼できる飲食店を探せるAI Webアプリです。4つの専門エージェントが並列処理で候補選定・レビュー検証・店舗信頼性確認・総合判定を行い、ユーザーに安心して選べるTOP5を提示します。Google CloudのVertex AI（Gemini 2.5）とWeb Groundingを活用し、最新の口コミや店舗情報をリアルタイムに収集。検索モードと調査モードを備え、直感的なUIで結果を可視化。外食選びの「失敗」を減らす次世代のレストラン検索体験を提供します。,False,,,False,"[""Flutter Web"", ""Material Design 3"", ""Python FastAPI"", ""Google Cloud Run"", ""Firebase Hosting"", ""Vertex AI"", ""Gemini 2.5 Flash"", ""Gemini 2.5 Pro"", ""Web Grounding"", ""Streaming Response""]","[""マルチエージェント"", ""レビュー分析"", ""飲食店検索"", ""Webアプリ"", ""生成AI""]",Reliable Eatsは、複数のグルメサイトやWeb情報をAIエージェントが並列に調査・分析し、サクラレビューに惑わされない信頼性の高い飲食店評価を提供するWebアプリです。検索モードと調査モードを備え、本当に良い店選びを支援します。
16,Genba Insight,https://zenn.dev/ossy/articles/a2846dcdfde18e,個人,1,0,True,200,"プロジェクト概要
- 背景: オンラインでは Google Analytics のように行動計測が容易だが、店舗では入店数や滞留程度に留まり「どの棚で何をしたか」の解像度が低い。
- 目的: ユーザーの棚前での行動を簡単に可視化し、セッション単位で分析・要約する。
- アプローチ:
  - Webカメラのみで動作。ブラウザで姿勢/手のランドマークを推定し、ジェスチャをイベント化。
  - 必要時のみ静止画を取得して、分析完了後はインメモリ上の画像を即時破棄し、プライバシとコストを両立。
  - 行動ログと分析結果はBigQuery 連携。",False,,,False,"[""MediaPipe Pose"", ""MediaPipe Hands"", ""Google Gemini 2.5 Flash"", ""Flask"", ""Google Cloud Run"", ""BigQuery"", ""Looker Studio"", ""Tableau"", ""Webカメラ"", ""ブラウザ内AI推論"", ""Edge AI""]","[""リテールテック"", ""行動分析"", ""エッジAI"", ""コンピュータビジョン"", ""データ分析"", ""マーケティング""]",Genba Insightは、WebカメラとPCだけで店舗内の顧客行動を高解像度に分析するアプリです。姿勢推定により商品への接触や関心行動を自動検知し、セッション単位でGeminiが要約・数値化。低コストかつプライバシー配慮型で、リアル店舗の改善に役立つインサイトを提供します。
17,Qualia Portal,https://zenn.dev/ishikr/articles/8f7fbdec085f5c,個人,1,2,True,200,「Qualia Portal」は、AIの力で「記録と記憶の断絶を越える」新しい映像体験です。1枚の写真から、その場の空気感や胸の高鳴りといった「主観的な感覚（クオリア）」をAIが読み解き、エモーショナルな映像として翻訳。時間や空間の軸をずらした複数の世界をもとに再構築することで、あなたの写真が、見る人と感動を共有する「記憶の入り口」に変わります。AIが人と人の深い共感を可能にする、新しいコミュニケーションを提案します。,False,,,False,"[""Gemini 2.5 Flash Image (Nano Banana)"", ""Veo3"", ""Google Gemini"", ""動画生成AI"", ""画像生成AI"", ""AIエージェント連携"", ""自動プロンプト生成"", ""マルチモーダルAI"", ""映像合成パイプライン""]","[""生成AI"", ""映像表現"", ""クオリア"", ""アート×テクノロジー"", ""クリエイティブAI""]",Qualia Portalは、1枚の写真から撮影者の主観的感覚（クオリア）をAIで翻訳・可視化し、記録と記憶の間にある心象風景を映像体験として再構築するプロジェクトです。画像生成と動画生成AIを組み合わせ、言語化できない感覚を共有可能な表現へと昇華します。
18,VoiceSketchAI,https://zenn.dev/mikkikimasutaro/articles/0e30affc535c1d,個人,0,0,True,200,"発話を入力としてAIが絵を生成し、元の音声と合成した動画を作成するアプリを開発しました。
このアプリを使えば、声をいつものカメラ録画とは一味違った、視覚的にユニークな形で記録できます。
例えば、話し始めたばかりの愛らしい子どもの声を、その声に反応して生まれるAIアートと組み合わせることで、いつまでも心に残る特別な思い出として記録できます。
また、大人が使えば、面白い画像生成を狙ったり、アート的な表現を楽しんだりするなど、無限の創造性を発揮できます。
このアプリは、単なる音声記録ツールではなく、声とAIアートが融合した新しい形の表現メディアです。誰もが簡単に、そして楽しく、自分の声をユニークなアート作品に変えることができます。",False,,,False,"[""React"", ""TypeScript"", ""Firebase Hosting"", ""Firebase Functions"", ""Firebase Storage"", ""Firebase AI Logic"", ""Imagen 4"", ""Google Speech-to-Text"", ""Progressive Web App (PWA)"", ""Gemini CLI"", ""Google Veo""]","[""音声認識"", ""画像生成AI"", ""動画生成"", ""Firebase"", ""子育て"", ""クリエイティブAI""]",VoiceSketchAIは、録音した声を文字起こしし、その内容からAIで絵を生成し、音声と合成した動画として残せるWebアプリです。子どもの声を思い出として保存しつつ、大人も楽しめる創造的な体験を提供します。
19,DreamGenie,https://zenn.dev/satoru_ishida/articles/mainarticlefile,チーム: ポストイーロンマスク,1,0,True,200,DreamGenieは、目標達成を支援するAIアシスタントです。ユーザーが「やりたいこと」と「期限」を入力するだけで、AIが達成までのステップを自動設計し、日々の予定に落とし込みます。予定変更も自然言語で伝えるだけで再調整可能。Flutter WebとGCP Cloud Run上のFastAPIで構築され、Gemini APIと連携して柔軟なスケジュール管理を実現。資格取得や習慣化など、計画立案に悩む人々の「夢の設計士」として寄り添うツールです,False,,,False,"[""Flutter Web"", ""FastAPI"", ""Python"", ""Google Cloud Run"", ""Docker"", ""Gemini API"", ""Firestore"", ""Firebase Authentication"", ""GitHub Actions"", ""Artifact Registry"", ""Google Cloud Platform""]","[""目標達成支援"", ""タスク管理"", ""スケジュール管理"", ""AIアシスタント"", ""生産性向上""]",DreamGenieは、ユーザーが入力した目標と期限をもとに、AIが達成までの計画を自動生成・調整するWebアプリです。自然言語による予定変更やガントチャート表示を通じ、計画倒れを防ぎながら継続的な目標達成を支援します。
20,日記AI,https://zenn.dev/boy6/articles/6a7c3b1bbaec4f,個人,3,1,True,200,"日記AI- 高齢者向け音声日記アプリ
高齢者の方でも簡単に使える音声日記アプリです。話すだけで日記を記録でき、AIが感情や健康状態を自動分析します。家族との安全な共有機能により、離れていても安心を提供できます。
大きなボタンとシンプルな画面設計で、手が不自由な方でも直感的に操作可能。プッシュ通知で家族に高齢者の状況を伝え、早期の健康変化を発見できます。
現在、Stripe決済システムの審査対応中で、正式リリースに向けて準備を進めています。高齢者の孤独感軽減と家族の安心をテクノロジーの力で実現する、社会課題解決型のWebアプリケーションです。",False,,,False,"[""React 18"", ""TypeScript"", ""Tailwind CSS"", ""Framer Motion"", ""React Router"", ""Supabase"", ""Supabase Edge Functions"", ""PostgreSQL"", ""Google Gemini AI"", ""Web Speech API"", ""Firebase Cloud Messaging"", ""Stripe"", ""Vercel""]","[""音声アプリ"", ""高齢者支援"", ""ヘルスケア"", ""感情分析"", ""見守りサービス""]",AI Voice Journalは、高齢者向けに設計された音声入力型の日記アプリで、話すだけで記録が残せる。AIによる感情・健康状態の分析や家族への共有機能を通じて、孤独感の軽減や体調変化の早期発見を支援し、家族の安心を実現する。
21,Facthub(ファクトハブ),https://zenn.dev/enostech/articles/73010d80d02883,個人,5,0,True,200,"データ分析の真のボトルネックは「示唆に富んだレポート作成」です。LLMは便利ですが、曖昧な指示から意思決定を促すレポートまでは作りません。「FactHub」は、この課題を解決する""理想のデータアナリスト""AIエージェントです。分析設計から最終レポートまでを自律的に一気通貫で実行。専門家でなくとも、データを組織の武器に変え、データに基づく意思決定の総量を飛躍的に向上させます。",False,,,False,"[""Gemini 2.5 Flash Image"", ""BigQuery"", ""SQL"", ""CSV"", ""Google Cloud Platform"", ""メール通知システム"", ""WebフォームUI"", ""データプロファイリング""]","[""AIエージェント"", ""データ分析"", ""業務効率化"", ""意思決定支援"", ""レポート自動化""]",FactHubは、分析設計からデータ抽出、集計、示唆出し、レポート作成までを自律的に実行するAIデータアナリストエージェントです。曖昧な目的とデータから意思決定に使える高品質な分析レポートを自動生成し、組織のデータ活用を加速させます。
22,魔法の天秤 with Gemini,https://zenn.dev/beavers_hive/articles/bde66a38b4b978,個人,19,13,True,200,日常にあふれる「目玉焼きは醤油派かソース派？」「犬派か猫派？」といったどうでもいい論争を、本気のディベートに変える装置が「魔法の天秤」です。参加者は魔法使いビーバーの声に導かれ、交互に主張を述べます。その内容はLLMによって司会・採点され、論理性や根拠の有無など多角的に評価されます。結果はモーター制御によって物理的な天秤の揺れとして可視化され、言葉が現実を動かす瞬間を体験できます。遊びながら論理的思考を鍛え、笑いと驚きを共有できる新感覚のディベートゲームです。,True,優秀賞,すぐに遊んでみたいと思いました。 「人間には聞きにくいことも、AIになら気軽に聞ける」という特性を、うまく「遊び」に昇華させた発想が素晴らしく、そこから生まれる遊び方は無限大だと感じます。 これは広く普及すると思いますので、ぜひ今後のさらなる発展を期待しています。,True,"[""Google Gemini"", ""MCP"", ""Bluetooth Low Energy"", ""STT（音声認識）"", ""LLMプロンプト制御"", ""BLDCモーター"", ""フルカラーLED"", ""3Dプリンター"", ""アルミ筐体加工"", ""YouTube""]","[""AIエージェント"", ""ディベート"", ""ハードウェア連携"", ""エンタメ"", ""教育"", ""LLM活用""]",魔法の天秤は、LLMとハードウェアを融合したディベート体験装置です。Geminiが司会と審判を務め、参加者の音声発言を評価し、その結果をBLE経由で制御された天秤の動きとして可視化します。日常的な議題を遊びながら論理的思考力を鍛えられるエンタメ性の高いAIプロダクトです。
23,CogniTerms,https://zenn.dev/cogniterms_adm/articles/86cddd95c21e1a,個人,,,False,HTTP 403,"あなたは、利用中のAIサービスの利用規約を理解しようと読み込んだことはありますか？
AIサービスの利用においては、入力した自身のコンテンツの帰属が奪われたり、入力した情報が意図しない形で使われたりするなど、非常に大きなリスクが潜んでいるにも関わらず、サービスプロバイダとユーザーの間には、規約の理解に必要な知識や、理解に費やせるコストの非対称性が存在しており、ユーザーは不利な立場に置かれています。
CogniTermsは、この非対称性を解消するためのAIエージェントWebアプリです。あなたに合ったペルソナを選択し、理解したい利用規約を入力するだけで、様々な観点でのリスクレベルを可視化できます。",False,,,False,,,
24,Auto Draft Maker,https://zenn.dev/sonoken/articles/0e75ad989c8d91,チーム: そのだとよしだ,2,0,True,200,"Auto Draft Makerは、ビジネスパーソンが抱えるメール処理の負担を劇的に軽減するAIエージェントです。Gmailと連携してワンクリックで高品質な返信下書きを自動生成することで、日本全体で年間約63兆円にも及ぶメール未処理によって生まれる経済損失を限りなく減らします。

未返信メールを自動抽出し、ワンクリックでAIが文脈を理解し、適切な返信案を瞬時に作成します。ボタンを選ぶだけのシンプルな操作で、メール作成時の心理的・時間的コストをゼロに近づけます。

これにより、定型的なコミュニケーションから解放された時間を、新製品開発や顧客との対話、戦略策定といった創造的で人間的な活動に再配分でき、個人の生産性向上と企業の競争力強化を実現します。",False,,,False,"[""Vue.js 3"", ""Composition API"", ""Tailwind CSS"", ""Pinia"", ""Vue Router"", ""Vite"", ""Google Agent Development Kit"", ""Cloud Run"", ""Gmail API"", ""Firebase Hosting"", ""Firebase Authentication"", ""GitHub Actions"", ""OAuth 2.0""]","[""業務効率化"", ""メール自動化"", ""AIエージェント"", ""生産性向上"", ""Webアプリケーション""]",Auto Draft Makerは、Gmailと連携して未返信メールを検出し、AIが文脈を理解した返信用下書きを自動生成するAIエージェントです。メール作成に伴う心理的・時間的コストを削減し、企業や個人の生産性向上と機会損失の低減を目指します。
25,MindEcho ~AIと対話しながらつける日記~,https://zenn.dev/666giru/articles/04fef6731d041c,チーム: MindEcho,6,5,True,200,MindEchoは、AIと対話しながら音声入力で日記をつけられるアプリです。日記を書くことで感情や出来事を整理し、ストレス軽減や自己成長を実感できますが、手作業の継続が面倒、思考整理が難しいという課題を解決します。Speech-to-Textで音声入力をテキスト化し、Vertex AIで共感的なインタビュー形式の対話を展開。最後にAIが要約を作成します。Firebase Hosting、Cloud Run、Cloud Firestoreを活用し、ユーザーごとの履歴管理を実現。感情分析に基づく適応型質問で自然な会話を提供し、リアルタイムフィードバックで使いやすさを向上。日常の心の整理を手助けするツールとして、忙しい人や不安を抱える人に最適です。,False,,,False,"[""Firebase Hosting"", ""Cloud Run"", ""Cloud Firestore"", ""Vertex AI"", ""Google Cloud Speech-to-Text"", ""Google Cloud Platform"", ""YouTube""]","[""AIエージェント"", ""日記アプリ"", ""音声入力"", ""メンタルヘルス"", ""チャットボット"", ""ハッカソン""]",MindEchoは、AIと音声対話しながら日記をつけられるアプリです。音声入力で手軽に記録し、Vertex AIによる共感的なチャット形式の質問と自動要約で思考や感情を整理し、継続しやすい日記体験を提供します。
26,PawMate,https://zenn.dev/jagaimo_poteto/articles/0a74c4f4e64b90,個人,13,2,True,200,PawMateは、愛するペットが迷子になってしまった飼い主さんと、ペットを見つけた方をAI技術でつなぐWebサービスです。Google CloudのAI技術を活用し、2つのAIエージェント（画像を分析する探偵AIと、ペットの行動を予測するAI）が24時間体制でペット探しをサポート。天気や時間帯、地形などのデータから「今どこにいる可能性が高いか」を地図上にヒートマップで表示し、効率的な捜索を実現します。また、見つけた方が写真を投稿すると、AIが自動で似ているペットを判定してマッチング。飼い主さんへ即座に通知が届き、チャット機能で直接やり取りができます。従来の「ポスターを貼って探す」方法から、データとAIを活用した新しいペット捜索の形を提案します。,True,優秀賞,ペットを飼う者として、もし自分のペットがいなくなったときにこのサービスがあればどんなに助けになるかと思いました。特に、科学的根拠に基づいた動物の行動分析をしてサービスに落とし込んでいる点や、ヒートマップを作ったりといった技術力の高さを評価しました。,True,"[""Vertex AI"", ""Gemini 2.5 Pro Vision"", ""Agents Development Kit (ADK)"", ""Vision AI"", ""Cloud Run"", ""Firestore"", ""Cloud Storage"", ""Next.js 15.5.2"", ""TypeScript 5"", ""Tailwind CSS v4"", ""Google Maps JavaScript API"", ""Firebase Auth"", ""WebSocket"", ""OpenWeatherMap API""]","[""迷子ペット"", ""マルチエージェント"", ""画像認識"", ""位置情報"", ""リアルタイム"", ""社会課題解決""]",PawMateは、生成AIのマルチエージェントで迷子のペット探索を効率化するサービスです。画像認識による個体識別と、天候・時間帯・地形を統合した行動予測でヒートマップを生成し、発見者と飼い主をリアルタイムにつなぎます。Google CloudのAI基盤を活用し、科学的な捜索を実現します。
27,いざ旅,https://zenn.dev/nakayutthi/articles/914d968b4175e8,個人,8,4,True,200,「次の休み、どこへ行こう？」でも結局、いつも同じような旅になっていませんか？本当に行きたい旅は、あなた自身も知らないかもしれません。『いざ旅』は、AIとの対話であなたの深層心理を診断し、価値観を可視化。あなただけの運命の旅を３つ提案する新しい旅のソムリエです。旅行中はリアルタイムのコンシェルジュとしてあなたを支え、旅の後はVeoが感動をショートムービーに。計画の面倒さから解放され、本当のあなたに出会う旅へ。さあ、いざ。,False,,,True,"[""Agent Development Kit (ADK)"", ""Google Cloud"", ""Google Maps Platform"", ""Firebase"", ""Flask"", ""Vue.js"", ""Gemini"", ""Nano Banana"", ""Veo"", ""YouTube""]","[""AIエージェント"", ""旅行"", ""パーソナライズ"", ""対話型AI"", ""エンタメ""]",『いざ旅』は、対話型AIエージェントがユーザーの深層心理や旅の価値観を診断し、最適な旅行体験を提案・伴走する旅のソムリエサービスです。診断、提案、旅行中の支援、思い出生成までを一貫してAIが支えます。
28,小規模店舗のInstagram投稿支援エージェントシステム,https://zenn.dev/neoki_no_naoki/articles/e8d34fd410a27c,個人,2,0,True,200,"個人店や小規模ビジネスのSNS運用、大変じゃないですか？ 投稿用の画像や文章作りは時間がかかる上、お店の個性を出すのも一苦労です。

このシステムは、簡単な言葉で指示するだけで、お店のキャラクターやロゴが入ったオリジナルの画像と魅力的な文章をAIが自動で作成し、Instagramに投稿まで行います。

Googleの最新AI技術を使い、面倒な作業をAIエージェントチームが代行。SNSマーケティングの負担を劇的に減らし、ファンを増やすお手伝いをします。",False,,,False,"[""Agent Development Kit (ADK)"", ""Vertex AI Gemini"", ""Vertex AI Imagen"", ""Instagram Graph API"", ""Google Cloud Run"", ""Identity-Aware Proxy (IAP)"", ""Google Cloud External HTTPS Load Balancer"", ""YouTube"", ""Veo 3""]","[""AIエージェント"", ""SNSマーケティング"", ""Instagram自動投稿"", ""画像生成"", ""テキスト生成""]",小規模店舗向けに、ADKとVertex AIを用いてInstagram投稿を自動生成・投稿する支援エージェントシステムを開発。画像生成、キャプション作成、投稿までをマルチエージェントで連携し、ブランド一貫性のあるSNS運用を効率化する。
29,Coco-Ai (ココアイ),https://zenn.dev/yuma_s81128/articles/751220cc0fee2c,個人,5,1,True,200,Coco-Ai（ココアイ）は、スマホ利用が親子の会話を奪う課題に向き合い、子どもの「なんで？」を親子の対話に変えるソリューションです。子ども向けの簡潔な解説と魅力的なイラストで理解を支え、親が声をかけやすい「おはなしのタネ」で自然な会話を誘導します。アプリはFirebaseを基盤にCloud Run Functions・Cloud Run・Firestoreを連携させたイベント駆動型の構成で、リアルタイムかつ安全に利用できる設計となっています。,False,,,False,"[""Flutter"", ""Firebase Hosting"", ""Cloud Firestore"", ""Cloud Functions for Firebase"", ""Cloud Storage for Firebase"", ""Firebase Authentication"", ""Cloud Run"", ""Eventarc"", ""Cloud Build"", ""Gemini"", ""Gemini Code Assist"", ""ChatGPT""]","[""AIエージェント"", ""育児支援"", ""教育"", ""親子コミュニケーション"", ""Google Cloud""]",Coco-Aiは、未就学児の「なんで？」をきっかけに、AIの解説とイラスト、会話用のヒントを提供し、スマホ時間を親子の学びと対話につなげる育児支援アプリです。受動的な動画視聴ではなく、AIを触媒に親子の会話を生み出す体験を目指しています。
30,Pocket Photographer,https://zenn.dev/hiro3432/articles/4c851947bc6eb4,個人,3,0,True,200,"「思い通りの写真が撮れない」「自分の写真が良いのか分からない」
このようなカメラ初心者が直面する課題に対して、ポケットに入るプロフォトグラファー(写真家)をコンセプトとし、具体的なフィードバックを提供するAIエージェント「Pocket Photographer」を開発した。

使用している機材に特化した正確なQ&Aで操作の疑問を解消し、撮影した写真をAIが分析して具体的な改善点をアドバイスします。まるで専属のメンターがいるかのように、あなたの写真ライフをサポート。カメラを学ぶ楽しさを、お届けします。",False,,,False,"[""TypeScript"", ""Google Cloud"", ""RAG（Retrieval-Augmented Generation）"", ""画像認識・画像解析"", ""EXIFメタデータ解析"", ""Webフロントエンド（レスポンシブ対応）"", ""チャットベースUI"", ""マルチモーダルAI""]","[""AIエージェント"", ""カメラ・写真"", ""RAG"", ""画像解析"", ""学習支援""]",Pocket Photographerは、カメラ初心者の「操作がわからない」「写真の評価が難しい」といった課題を解決するAIカメラサポートエージェントです。チャット形式のQ&Aと写真評価機能を通じて、機材に特化した操作案内や具体的な改善アドバイスを提供し、撮影と学習を継続的に支援します。
31,HAYAOSHI,https://zenn.dev/usutaku/articles/66c108b0e75a57,チーム: こんぱす,26,4,True,200,「HAYAOSHI」は、教科書や問題集を撮るだけでAIがクイズ化し、友だちと早押し対戦できる学習アプリです。ChatGPTの登場以降「暗記なんてAIがやればいい」とモチベーションが下がってしまっている学生を沢山見てきました。このHAYAOSHIはつまらない暗記を友人との対戦形式で楽しく学ぶことができます。出題は二つのAIエージェントによって行われ、クイズを生成するものとそのクイズを評価するものが協奏することにより精度の高い問題生成が可能です。,False,,,False,"[""React"", ""TypeScript"", ""Vite"", ""Tailwind CSS"", ""Framer Motion"", ""Zustand"", ""React Router"", ""Firebase Functions"", ""Google Cloud Functions"", ""Vertex AI Gemini"", ""Firebase Realtime Database"", ""Firestore"", ""Express.js"", ""Firebase Admin SDK""]","[""教育"", ""EdTech"", ""対戦ゲーム"", ""クイズアプリ"", ""AIエージェント"", ""学習支援""]",HAYAOSHIは、教科書や問題集を撮影するだけでAIがクイズを自動生成し、友人同士で早押し対戦できる学習アプリです。暗記学習へのモチベーション低下という課題に対し、ゲーム性と競争要素を取り入れることで、AI時代でも楽しく基礎知識を定着させることを目的としています。
32,モチらぶ,https://zenn.dev/chameleon/articles/18afcd7f8230d1,チーム: 合同会社ChameleonMeme,3,0,True,200,日本社会の重要問題であるリスキリングに対する課題解決を行うプロダクト「モチらぶ」。従来は人間が担っていた学習を継続するためのキーファクターであるモチベーションコントロールをリアルタイム音声×AIマルチエージェントにより再現することで、本当の人間が側にいて、まるで恋人のようにつきっきりで支援してくれるプロダクトです。さぁ、Let's モチらぶ！,False,,,False,"[""OpenAI GPT-4o"", ""OpenAI Whisper"", ""LangChain"", ""Next.js"", ""Vercel"", ""WebRTC"", ""Speech Synthesis API"", ""Speech Recognition API"", ""YouTube Embed API""]","[""リスキリング"", ""教育"", ""AIエージェント"", ""モチベーション管理"", ""マルチモーダル""]",モチらぶは、社会人のリスキリングにおける最大の課題である学習継続のモチベーション低下を解決するため、本当の恋人のように寄り添うAI学習パートナーを提供するサービスである。音声やテキストを用いたリアルな対話を通じて、学習開始から継続、達成感の創出までを支援する。
33,フクシア,https://zenn.dev/teritama/articles/aa54b4fbed1231,チーム: てりたま,14,5,True,200,社会福祉士の現場では、煩雑なアセスメント作成や膨大な支援制度情報の検索が負担となり、本来利用者に寄り添う時間が削られています。私たちの開発した 「フクシア」 は、会話ログから自動でアセスメントを生成し、利用者に適した支援制度を検索・提案する AI Agent です。社会福祉士の業務を効率化し、支援が必要な人により多くの時間と心を注げる社会の実現を目指します。,True,最優秀賞,社会福祉士が抱える課題に対し、リアリティのある「現場感」に基づいた課題認識を持ち、それをアイディアとして形にし、テストまで行った実行力を高く評価します。なかでも一番印象的だったのは、そのすべての起点となっている「現場感」です。今後、現場に導入すると様々な課題が出てくると思いますが、このアイディアの最大の強みはまさしくその「現場感」だと思います。それらの課題を乗り越え、実際の現場で活用されることを期待しています。,True,"[""OpenAI GPT-4"", ""OpenAI Whisper"", ""LangChain"", ""Retrieval Augmented Generation (RAG)"", ""Google Search API"", ""Vector Database"", ""YouTube API"", ""Web Speech API""]","[""社会福祉"", ""AIエージェント"", ""RAG"", ""業務効率化"", ""行政・自治体""]",フクシアは社会福祉士の業務を支援するAIエージェント型プロダクトです。面談ログからアセスメントを自動生成し、RAGを用いて利用者に適した支援制度を検索・提案することで、事務作業を削減し、利用者に寄り添う時間の最大化を目指します。
34,シゴットニア,https://zenn.dev/jinkutoriu/articles/7d2527a7ea6a4c,個人,2,0,True,200,未来の働くを切り開くシゴットニアは、AIに聞くだけではなく、AIから質問を受けたり、AIから出題される問題を解決し、仕事を疑似的に体験するプロダクトです。子供向けの職業体験は充実していますが、新たな挑戦を目指そうとする大人の職業体験は充実していません。そこで、未来を創る子供から今を創る大人まで、全員が興味のある仕事や職人のような専門知識を学ぶことのできるプラットフォームを開発しました。どのような職種を体験したいか、具体的な考えがなくても関心のある情報を入力すると、そこからはユーザーの求める職業体験が始まります。,False,,,False,"[""Next.js"", ""TypeScript"", ""PrimeReact"", ""React Flow"", ""Google Gemini"", ""Imagen 4.0 Fast Generate"", ""Docker"", ""Pulumi"", ""VS Code"", ""YouTube""]","[""職業体験"", ""教育AI"", ""生成AI"", ""キャリア探索"", ""ハッカソン""]",シゴットニアは、AIを活用して子供から大人までが職業や仕事の世界を疑似体験できる学習プラットフォームである。抽象的な興味から職種を生成し、知識クイズや業務手順クイズを通じて仕事理解を深め、将来の選択肢や好奇心を広げることを目的としている。
35,Edison's Eye,https://zenn.dev/t_buemon/articles/dafdfe1f602d8c,個人,2,1,True,200,『Edison’s Eye』は型通りの教育から自由な学びを実現するために、エジソンの少年時代の経験を参考に開発した学習アプリです。このアプリは身の回りの写真・位置情報・テキストから学びの“種”を見つけ、3つのテーマを提案します。選んだテーマに基づくソクラテス式対話のシナリオを作成して、それをもとに音声教材を自動生成します。さらに、一つの教材から3つのテーマを作成することで、学びを深める機会を提供します。これらの機能でユーザーは現実世界を豊かな学びの空間へと変えることができます。,False,,,False,"[""OpenAI GPT-4o"", ""OpenAI Vision API"", ""Next.js"", ""React"", ""Node.js"", ""Vercel"", ""TypeScript"", ""Tailwind CSS"", ""Cloud Storage for Images""]","[""教育"", ""生成AI"", ""画像認識"", ""AIエージェント"", ""自由学習""]",Edison’s Eyeは、身の回りの写真を起点にAIが多様な学びを生成する教育向けアプリである。型通りの学校教育ではなく、好奇心に基づいた自由な学習を促進し、AIをパーソナル教師として一人ひとりに寄り添う新しい学びの体験を提供する。
36,シネモ ~心が求める映画を~,https://zenn.dev/kadotchi/articles/65bd10ee6031cb,個人,4,1,True,200,"日本では年間約2万人が自殺で命を落とす深刻な社会問題があります。「シネモ」は、AIが感情を読み取り、その人に最適な映画を提案するシネマセラピーアプリです。

従来の動画配信サービスは視聴履歴に基づく推薦ですが、シネモはその時の感情や境遇に寄り添います。音声対話やテキスト入力から感情を分析し、プルチックの感情の輪理論に基づく映画データベースから最適な3本を選定。各映画には「観た後どう感じられるか」の紹介文も生成します。

技術面では、感情認識に特化したgemini-2.5-flash-preview-native-audio-dialogと高速処理のgemini-2.5-flashを使用しています。

一本の映画が人生を変えることがある。AIの力でその瞬間を生み出し、シネモが一人でも多くの方の心に希望の光を灯せることを願っています。",False,,,False,"[""Google Gemini 2.5 Flash"", ""Google Gemini 2.5 Flash Preview Native Audio Dialog"", ""Spring AI"", ""TMDB (The Movie Database)"", ""Ollama"", ""Gemma3-4b"", ""Vercel"", ""YouTube"", ""Web Speech API""]","[""ヘルスケア"", ""メンタルヘルス"", ""映画推薦"", ""対話型AI"", ""感情分析""]",シネモは、利用者の感情や心理状態をAIが対話を通じて分析し、その人に寄り添った最適な映画を提案するメンタルヘルス支援アプリです。映画を通じて心の癒しや新たな視点を提供することを目的としています。
37,Session Buddy - イベント参加者と発表者をつなぐAIエージェントシステム,https://zenn.dev/manabi_dx_crew/articles/d13ab381645876,チーム: Manabi-DX-Crew,6,2,True,200,"勉強会で「今さら聞けない…」と質問を諦めていませんか？「Session Buddy」は、そんな悩みを解決する双方向コミュニケーションサービスです。参加者は匿名で気軽に質問を投稿でき、発表者は参加者のニーズや理解度をリアルタイムで把握。これにより質疑応答が活発になり、参加者と発表者の双方にとって、より満足度の高い学習体験を創出します。

---
（以下は運営様に補足説明）
デプロイしたURLは2つあります。参加者側のURL, 発表者側のURL。デプロイしたURL記入欄にカンマ区切りで記入しています。",False,,,False,"[""OpenAI GPT-4"", ""OpenAI Embeddings"", ""LangChain"", ""Next.js"", ""React"", ""Supabase"", ""PostgreSQL"", ""Vector Database"", ""YouTube API"", ""Vercel""]","[""AIエージェント"", ""チャットボット"", ""イベント運営"", ""教育・学習"", ""コミュニティ支援""]",Session Buddyは、勉強会やセミナーにおいて参加者と発表者を事前対話でつなぐAIエージェントシステムです。匿名質問やAI即時回答を通じて質問の心理的障壁を下げ、発表者が参加者のニーズを把握しやすくすることで、より価値の高い学習体験と効率的なイベント運営を実現します。
38,BUD-Next,https://zenn.dev/mse2506/articles/aa8773c7205be7,チーム: BUD,1,0,True,200,"BUDは「芽（bud）」を育てるという想いを込めた子ども向け音声チャレンジアプリです。従来の「正解を覚える教育」から脱却し、「伝わる楽しさを体験する学び」への転換を目指しています。
内向的な子どもたちが「話すこと」に苦手意識を持つ現代の教育課題に対し、AIフィードバックと親のサポートを組み合わせることで解決に取り組みます。完璧な発話よりも「伝わった瞬間の喜び」を重視し、子どもたちの小さな成功体験を積み重ねることで自信を育みます。
音声認識技術とAI分析により、一人ひとりの成長段階に合わせた個別フィードバックを提供。家庭と学校の両方で活用できるプラットフォームとして、子どもたちの「話す勇気」と「伝える力」を段階的に伸ばしていきます。",False,,,False,"[""Next.js"", ""TypeScript"", ""Tailwind CSS"", ""Google Speech-to-Text"", ""Gemini API"", ""FastAPI"", ""PostgreSQL"", ""Firebase Authentication"", ""Docker"", ""GitHub Actions""]","[""教育"", ""英語学習"", ""子ども向け"", ""親子アプリ"", ""音声認識"", ""AIフィードバック""]",BUDは、小学低学年の子どもと保護者向けに、英語が正しく話せるかよりも「伝わった喜び」を重視する親子学習アプリです。録音と文字起こしで挑戦を記録し、AIの肯定的フィードバックや保護者向け支援により、英語に苦手意識があっても安心して学びを続けられる体験を提供します。
39,Prezento AI Coach,https://zenn.dev/kosuke_takahara/articles/d3bc9f684f4750,個人,13,2,True,200,"Prezento AI Coachは、AIがあなたの**「伝え方」**を多角的に分析し、改善を支援するパーソナルコーチです。Chrome拡張機能として提供され、いつでもどこでも、ブラウザ上でプレゼンや対話の練習ができます。

主な特徴は以下の2つのモードです。

1.  **フリープレイモード**: 自由にテーマを設定し、AIから客観的なフィードバックを得られます。「投資家」「面接官」など、AIに**ペルソナ（役割）**を与えることで、特定の聞き手を想定したリアルな練習が可能です。
2.  **ミッションモード**: 「AIの上司に企画の承認を得る」といった具体的なシナリオに挑戦します。**制限時間**内にAIとの対話を通じて目的達成を目指す、より実践的なトレーニングモードです。",False,,,False,"[""Google Gemini"", ""Google Cloud Speech-to-Text"", ""Google Cloud Vision API"", ""Google Cloud Natural Language"", ""Chrome Extension API"", ""Web Audio API"", ""WebRTC"", ""Next.js"", ""Firebase"", ""Chart.js""]","[""プレゼンテーション"", ""コミュニケーション改善"", ""AIコーチ"", ""教育・トレーニング"", ""業務効率化""]",Prezento AI Coachは、Chrome拡張とWebアプリを通じてプレゼンや対話を分析し、話し方・内容・表情などを多角的にフィードバックするAIパーソナルコーチです。Geminiを活用し、実践的な練習と成長の可視化を支援します。
40,Talk Paint,https://zenn.dev/tcool/articles/0cf8904971eea0,個人,,,False,404 Not Found,教育コンテンツやストーリー制作において、会話シーンを効率的にビジュアル化できます。CSVやMarkdownで対話データをインポートし、Google AI (ImageFX/Gemini)を使って各ダイアログに最適化された画像を自動生成。プロンプトテンプレートのカスタマイズ、参考画像の追加、一括生成後の個別編集など、柔軟な画像生成ワークフローを提供します。生成した画像はギャラリーで一元管理し、絵本として書き出すことができます。,False,,,False,,,
41,RouteKeeperAI,https://zenn.dev/riti0208/articles/314c8bfae02b4b,個人,6,2,True,200,"「RouteKeeperAI」は、複数の専門AIエージェントが協調して道路の安全性を分析
  し、人々の日常移動をより安全で豊かにするシステムです。

  ルート分析エージェントがGoogle Street
  Viewで収集した画像を、危険検知エージェントがGemini
  Visionで解析。さらに安全アドバイザーエージェントが、検出されたリスクに対す
  る具体的な対策を提案します。

  これらのAIエージェントは、単に危険を警告するだけでなく、「なぜその場所が危
  険なのか」「どう行動すれば安全か」を対話的に教えてくれます。

  AIエージェントが現実世界の道路を仮想的に「事前検証」することで、実際の移動
  をより安心で豊かなものに変えます。",True,優秀賞,地図情報から危険を予知するという新しいアイディアと、それによって交通事故を減らそうという大きな社会的意義のある点を評価しました。引き続き、さらに多くのユーザーが活用できるような発展を期待しています。,True,"[""Google Gemini 2.0 Flash"", ""Google Street View API"", ""Google Directions API"", ""Google Maps API"", ""Next.js 15"", ""shadcn/ui"", ""Firebase Hosting"", ""Google Cloud Functions Gen2"", ""Hono"", ""Google Cloud Platform"", ""YouTube""]","[""交通安全"", ""画像認識"", ""AIエージェント"", ""スマートシティ"", ""地図・ナビゲーション""]",RouteKeeperAIは、Google Street View画像とGemini 2.0 Flashを活用し、道路上の潜在的な危険要因を事前に検知・可視化するAI危険予知システムです。ルートごとにリスクスコアや対策を提示し、ドライバーや歩行者の安全な移動を支援します。
42,ADKで作るAIクリエイティブアシスタント：多様な視点でアイデアを磨くマルチエージェントシステム,https://zenn.dev/endr/articles/1a6ed568d691d8,チーム: Connective Hack,2,0,True,200,広告クリエイティブ制作では、アイデアの偏りや評価の属人化が課題です。本プロジェクトでは、GoogleのAgent Development KitとVertex AIを活用し、AIエージェントがアイデア生成から多角的評価、統合レポート作成までを自動化する仕組みを構築しました。複数ペルソナによる並列評価で短時間に多様な意見を取得でき、潜在的リスクや改善点を提示します。まるでチームでブレストしているかのような体験を提供し、広告制作の効率と品質を向上させます。,False,,,False,"[""Google Agent Development Kit (ADK)"", ""Vertex AI"", ""Gemini モデル"", ""Google Cloud"", ""マルチエージェントアーキテクチャ"", ""並列エージェント実行パイプライン"", ""ペルソナベース評価エージェント"", ""統合レポート生成エージェント"", ""YouTube（デモ公開）""]","[""AIエージェント"", ""広告クリエイティブ"", ""マルチエージェント"", ""業務効率化"", ""アイデア発想""]",GoogleのADKとGeminiを用いて、広告クリエイティブのアイデア生成から多視点評価、統合レポート作成までを自動化するマルチエージェント型AIアシスタントを構築したプロジェクトです。クリエイターの発想支援と判断の質向上を目的としています。
43,FutureRun,https://zenn.dev/sagara22/articles/77f231a8468a40,チーム: FutureRun,11,4,True,200,「Future Run」は、マラソン大会前にわかるコース情報＋気象予報と個々のランナーの目標や過去のデータを掛け合わせ、最適なレース戦略を 動画付きアドバイス として提供する AI パーソナルマラソン支援アプリです。重要な地点でのペース配分、給水／給食タイミング、走り方などのアドバイスを動画（テロップ付き）で可視化して提示します。FutureRunを利用することでランナーはレース中のリスクとなる地点の理解とその対応方針をじど前検討することでリスクを最小化し、レース中のパフォーマンスを最大化するという価値を提供します。,True,優秀賞,コース情報や当日の天気情報を数値データとして入手することは比較的容易だと思いますが、それを「映像として見せる」というアイディアが新しいと感じました。本番のコースを試走できるのが理想ですが、実際には様々な制約があるため、映像でシミュレーションできるのはイメージが湧きやすく、良いアプローチだと思います。さらに、練習データも入力できるとのことなので、今後は個人の能力に応じた情報の見せ方ができると、さらに良くなると思いました。,True,"[""Google Cloud Platform"", ""Garmin Connect API"", ""YouTube"", ""生成系AIモデル（動画生成）"", ""生成系AIモデル（自然言語処理）"", ""地理・地図データAPI"", ""気象データAPI""]","[""マラソン"", ""ヘルスケア"", ""スポーツテック"", ""生成AI"", ""シミュレーション""]",Future Runは、マラソン大会の気象条件やコース特性、個人の走力データを統合的に分析し、最適なレース戦略を動画で事前体験できるシミュレーションアプリです。ランナーが本番を具体的にイメージし、完走率向上やリスク低減を支援します。
44,晴れムビ,https://zenn.dev/neka_nat/articles/d6cae805c18a7f,個人,9,2,True,200,少子化で縮むブライダル市場。一方で費用・準備負担は増加。HARE Movie（晴れムビ）は、本人写真×衣装×式場写真からAIが“自分の結婚式”のイメージ動画を自動生成。来館・試着なしで複数パターンを比較検討でき、理想の式を具体化。ターゲットは時間や手間をかけられないカップルや具体像が湧かない人。Google ADK上のエージェントがNano BananaとVeo3を連携し、短時間で高品質な提案体験を提供します。,False,,,False,"[""Nano Banana"", ""Veo3"", ""Google ADK"", ""Gemini 2.5 Pro"", ""Google Cloud Agent Engine"", ""Cloud SQL (PostgreSQL)"", ""Cloud Storage"", ""Google Cloud""]","[""結婚式"", ""動画生成"", ""AIエージェント"", ""画像生成"", ""シミュレーション"", ""プロダクト開発""]",晴れムビは、式場や衣装の写真と本人画像をもとに、AIが結婚式の様子をリアルな動画としてシミュレーション生成するアプリです。結婚式準備の負担を減らし、理想の結婚式を具体的にイメージできる体験を提供します。
45,LingoSavor - 英語学習の手間を半減し効果を倍増させるアプリ,https://zenn.dev/p05t_hum4n/articles/b900054757c64f,個人,,,False,404 Not Found,LingoSavorは、英語学習における単語調べや文法質問、復習管理といった「面倒くさい」をAIで解消するアプリです。ユーザーが教科書やSNS、音声などを取り込むと、AIが瞬時に文章を解析。ワンタップでの単語・熟語の意味表示、文法事項に関する24時間対応のAIへの質問、リピーティング・シャドーイング用音声の自動生成など、学習の手間を大幅に削減します。さらに、AIエージェントが忘却曲線に基づき最適な復習問題を自動で出題。特定の教材に縛られず、あらゆる英語を教材にできる真のパーソナライズ学習で、忙しい学習者の最速での目標達成を支援します。,False,,,False,,,
46,Re:Read,https://zenn.dev/sakupanda/articles/26e7ca8062088a,チーム: さくさくぱんだ,9,1,True,200,Re:ReadはVertex AIとFirestoreを軸にした次世代輪読会プラットフォーム。参加者の寄稿とディスカッションログを安全にサニタイズし、AIがハイライト・改善提案・総括・Podcast音声を一括生成することで、学びの熱量を維持したまま共有を加速します。ホストは公開範囲・再生成・進行ログを一元管理でき、チームの読書体験を継続的にアップデートします。さらに、Podcast音声をCloud Storageに自動保存し、遠隔メンバーも最新レビューを即参照できます。,False,,,False,"[""Next.js 15"", ""Cloud Run"", ""Firestore"", ""Vertex AI Gemini 1.5"", ""Google Cloud Text-to-Speech"", ""Cloud Storage"", ""Cloud Build"", ""Secret Manager"", ""IAM"", ""Cloud Logging"", ""Mermaid"", ""Vitest"", ""Playwright""]","[""教育"", ""学習コミュニティ"", ""生成AI"", ""クラウドアーキテクチャ"", ""音声生成""]",Re:Readは、輪読会の寄稿や議論ログをAIが即時に要約・再編集し、レビュー記事とPodcast音声として共有できる参加型サービスです。議論の属人化や振り返りコストの課題を、Geminiとクラウド基盤で解決します。
47,StanceScope,https://zenn.dev/ryuto_yoda/articles/35ab97e16d6c31,チーム: StanceScope,3,0,True,200,StanceScopeは、YouTube動画のコメントを収集し、AIエージェントで分析することで、議論や討論における主要な論点や支持の偏り、要約をダッシュボード形式で可視化するリサーチ支援アプリです。人気動画には数千件ものコメントが寄せられ、全体の論調を把握するのは困難です。また、確証バイアスによって自分の意見に近いコメントばかりが目に入りやすく、声の大きい少数派と静かな多数派を区別するのも難しいという課題があります。さらに既存のYouTube Analyticsにはコメント内容の分析機能がなく、一般的なテキスト分析ツールも日本語の議論構造に十分対応していません。こうした状況に対し、StanceScopeはコミュニティの議論構造を素早く把握できる新しいアプローチを提供します。,False,,,False,"[""React 19"", ""TypeScript 5"", ""Google Gemini API"", ""gemini-2.0-flash"", ""Gemini Function Calling"", ""YouTube Data API v3"", ""Tailwind CSS"", ""Recharts"", ""Zenn"", ""YouTube""]","[""世論分析"", ""コメント分析"", ""AIエージェント"", ""データ可視化"", ""自然言語処理""]",StanceScopeは、YouTubeコメントを対象にGeminiを活用して世論の論調や主要意見を可視化する分析アプリです。構造化レスポンスやFunction CallingによるAIエージェント機能を用いて、意見分類、性格タイプ分析、議論の相互作用予測まで実験的に実装しています。
48,めぐロード!! ～新感覚ルート提案アプリケーション～,https://zenn.dev/td_maru/articles/c48b38dde93e51,チーム: Hack'n'Play,3,1,True,200,"課題解決のためのソリューション(MEGROAD)
〇「寄り道」ルート提案アプリケーション
従来の「最短経路」のみではなく、その日の気分に合わせた「寄り道」を含むルートを提案するアプリケーション
〇特徴
- 個人の気分を基に「最短距離」ではなく「混雑を避ける寄り道」を提案
    - ルートを分散させることで交通量の分散を実現
    - ユーザーごとの気分を基にルート提案し、ドライバーの運転体験を向上
〇アピールポイント
・社会課題と個人的体験の同時解決
本アプリを用いることで渋滞に起因する経済損失や環境へ与える影響を軽減するという社会課題の解決と個人の運転体験の向上というマクロな改善とミクロな改善を同時に達成することができます。",False,,,False,"[""Google Maps Directions API"", ""Google Vertex AI"", ""Google Cloud Platform"", ""Webアプリケーション"", ""スマートフォンブラウザ"", ""レーダーチャート可視化"", ""自然言語プロンプト設計"", ""地図ルーティングエンジン""]","[""ルート検索"", ""渋滞対策"", ""モビリティ"", ""UXデザイン"", ""観光・ドライブ""]",めぐロード!!は、ドライバーの気分に合わせて最短経路ではなく寄り道を含むルートを提案する新感覚ナビアプリです。交通量分散による渋滞緩和と、移動体験の向上を同時に実現することを目指しています。
49,MangaMatic,https://zenn.dev/kiyo2023/articles/df077d4cdef34d,個人,4,1,True,200,MangaMatic は、プロンプトから数分で“完成した4コマ”を作る全自動AIです。脚本・キャラクター・レイアウトまでワンストップで生成し、仕上げは顔・小物・吹き出しなどをパーツ単位で即編集。制作の学習コストと手戻りを削減し、日次の発信やA/Bテストを現実に。アイデアをさっと試し、すぐ出せます。,False,,,False,"[""nano banana"", ""Google Cloud Run"", ""React"", ""Hono"", ""Gemini API"", ""Google Gemini"", ""画像生成AI"", ""プロンプトテンプレート"", ""Web UI""]","[""4コマ漫画"", ""画像生成AI"", ""A/Bテスト"", ""コンテンツマーケティング"", ""広告運用"", ""自動生成""]",本プロジェクトは、nano bananaを用いてキャラクターの一貫性を保った4コマ漫画を自動生成する仕組みです。広告やLPのA/Bテスト向けに、同一テンプレートから複数バリエーションを高速に生成でき、制作コストを抑えながら検証と意思決定を加速します。
50,すうべに屋,https://zenn.dev/creamypotage/articles/4d9f07310df6d5,チーム: すうべに屋本舗,4,1,True,200,"出張や旅行の際、誰に何を買うか、お土産選びで悩んだ経験はありませんか？「すうべに屋」は、そんなお土産選びの迷子を救うAIパートナーです 。

ビジネスパーソンなどを主なターゲットとし、贈りたい相手の人数や関係性、過去の履歴を管理できます 。気になったお土産は、商品名や画像だけでAIが詳細情報を補完して登録可能 。

最大の特徴は、AIエージェントによる提案機能です 。ユーザーの条件に基づき、「おすすめ」「相手視点」「想定外の視点」「一般的基準」という4つの役割を担うAIが、登録データやWeb検索を駆使して多角的に最適なお土産を提案 。Google Cloudの技術を活用し、複雑なお土産選びを強力にサポートします 。",False,,,False,"[""Google Cloud Platform"", ""Cloud Run"", ""Cloud SQL"", ""Cloud Storage"", ""Vertex AI"", ""Vertex AI Search"", ""Gemini"", ""RAG（検索拡張生成）"", ""セマンティック検索"", ""Google検索（グラウンディング）""]","[""AIエージェント"", ""お土産レコメンド"", ""RAG"", ""Google Cloud"", ""業務効率化""]",すうべに屋は、相手の趣味や立場、人数などの条件に応じて最適なお土産を提案するAIエージェント型Webアプリです。送りたい人情報とお土産候補を管理し、RAGと生成AIを活用して多角的な視点からお土産選びを支援します。
51,もう誕生日プレゼント選びに迷わない！SNSから相手の好みを分析する「birthd.ai (バースデイ)」,https://zenn.dev/tsmiyamoto/articles/cfaf57af30b0df,個人,9,0,True,200,"「birthd.ai」は、誕生日プレゼント選びで最も難しい「相手の好みが分からない」という課題を解決するAIエージェントです。

相手のXアカウントのURLを入力するだけで、AIが投稿から趣味や潜在的なニーズを分析。チャットでの対話を通じて、関係性や予算に応じた最適なプレゼントを提案します。

欲しいものリストとは違い、本人も気づいていない好みまで「発掘」し、「これ欲しかったの、なんで分かったの!?」という最高のサプライズを演出できるのが強みです。プレゼント選びの悩みを、ワクワクする宝探しに変えます。",False,,,False,"[""Grok（xAI）"", ""X（旧Twitter）"", ""X API"", ""Google Shopping"", ""Google Cloud""]","[""AIエージェント"", ""プレゼント選び"", ""SNS分析"", ""レコメンド"", ""Google Cloud""]",birthd.aiは、誕生日プレゼント選びで相手の好みが分からないという悩みを解決するAIエージェント。Xの投稿をGrokで分析し、関係性や予算を対話で補足しながら、Google Shoppingと連携して理由付きで最適なギフト候補を提案する。
52,「それ、どうします？」一緒に考え、やるべきことの整理してくれるAIパートナー TaskEcho,https://zenn.dev/kou426/articles/597ff80cf77437,チーム: ぷらいおり隊,1,0,True,200,TaskEchoは、思いついた瞬間に声で話すだけでAIが内容を理解し、タスクとして構造化・登録する次世代のタスク管理アプリ。文脈から重要度や期限も判断し、優先順位を提案。従来の手入力による煩雑さを排除し、思考の流れを止めずに記録・整理・検索まで完結。多忙なビジネスパーソンやクリエイターの「脳の外部記憶装置」として機能する、対話型パーソナルAIアシスタントです。,False,,,False,"[""OpenAI GPT-4"", ""OpenAI Whisper"", ""Web Speech API"", ""Next.js"", ""TypeScript"", ""Node.js"", ""Vercel"", ""Supabase"", ""PostgreSQL""]","[""音声AI"", ""タスク管理"", ""業務効率化"", ""AIエージェント"", ""生産性向上""]",TaskEchoは、思いついたことを話すだけでタスクとして整理・登録できるAI音声対話型タスク管理アプリです。自然な会話を通じて意図や文脈を理解し、タスクの分解、期限設定、優先順位付けまで自動で行い、思考を止めずに生産性向上を支援します。
53,Yukuri Novel,https://zenn.dev/rat_hill01/articles/0eb3e4041ac1c1,チーム: 人生エクストリームスポーツ,5,1,True,200,"「Yukuri Novel」は、キャラクターの会話形式の物語に特化した、AI時代のウェブ小説プラットフォームです。Googleの最新AI「Gemini」を創作のコアに統合し、キャラクター設定、プロット、本文、挿絵の生成から、AIによる作品評価や高品質な音声読み上げまで、物語が生まれる全工程を強力にサポート。
誰もが手軽に、そして豊かに物語を創造し共有できる、全く新しい創作体験を提供します。",False,,,True,"[""Google Cloud"", ""Google Gemini 2.5 Pro"", ""Google Gemini 2.5 Flash"", ""Google Gemini API"", ""Google Cloud Text-to-Speech"", ""生成AI画像モデル（Gemini系）"", ""TTS（Text-to-Speech）""]","[""生成AI"", ""小説執筆"", ""コンテンツプラットフォーム"", ""読書体験"", ""クリエイター支援""]",Yukuri NOVELは、Google CloudとGeminiを中心としたAI技術を活用し、読者と作者の双方に新しい体験を提供する小説投稿・閲覧プラットフォームです。会話形式ビューアや音声読み上げで読書のハードルを下げ、AIライティングアシスタントや自動生成機能で執筆効率と作品品質を向上させます。
54,AI TRPG Agent,https://zenn.dev/hamutaro_kun/articles/3242fba8ee8d0f,個人,8,2,True,200,"TRPGの魅力は、参加者全員で協力して物語を創り上げる「共創体験」にありますが、その体験には「GMの高い専門性」と「参加者間のスケジュール調整」、「テキストベースの進行によるとっつきにくさ」という3つの大きなハードルが存在します。

上記のハードルに対して、以下の3つの要素を含むアプリケーションを開発しました。
①「自律的なAI Agent」
②「リアルタイム・マルチプレイヤー」
③「マルチモーダルな体験
これにより、「とっつきにくい初心者」でも、「リアルで仲間とスケジュールの都合がつかないプレイヤー」でも「テキストベースで没入感がなく楽しめないプレイヤー」でも誰でも楽しい共想体験が味わえ、TRPGの発展に繋がると考えます。",False,,,True,"[""React"", ""TypeScript"", ""Vite"", ""Firebase Hosting"", ""Python"", ""FastAPI"", ""Google Cloud Run"", ""Firebase Firestore"", ""Vertex AI Gemini 2.5 Flash"", ""Gemini Function Calling"", ""Imagen"", ""Veo""]","[""AIエージェント"", ""TRPG"", ""マルチプレイヤー"", ""リアルタイムアプリ"", ""マルチモーダル""]",AIをゲームマスターとして活用し、Web上でリアルタイムかつマルチプレイヤーのTRPG体験を実現するアプリ。Geminiによる自律的な進行管理、Firestoreを用いた状態同期、Imagenによる情景生成を組み合わせ、初心者でも没入感の高い共創体験を可能にする。
55,AI未来日記,https://zenn.dev/debug_coffee/articles/ai-future-diary-hackathon,チーム: debug_coffee,1,1,True,200,「明日は早起きして勉強しよう」「休日は映画に行こう」と予定を立てても、実際は全然違うことをしてしまう、誰もが経験するこのギャップを、私はAIで楽しみに変えました。予定を入力すると、物語風の“未来日記”とイラストを自動生成。夜には実際の行動を記録し、両者を並べて差分を振り返ることで「ズレ」から学びや気づきを得られます。さらに写真アップロードや7日連続チャレンジ機能で、継続的な日記習慣を支援。予定と現実のすれ違いを、ストレスではなくユーモアと自己理解に変える新しい日記体験を提供します。,False,,,False,"[""Next.js"", ""React"", ""FastAPI"", ""JWT"", ""Google Cloud Platform"", ""Cloud Run"", ""Cloud Build"", ""Firestore"", ""Cloud Storage"", ""Vertex AI"", ""Gemini 2.5 Flash"", ""Imagen"", ""Veo 3.0""]","[""日記アプリ"", ""生成AI"", ""ライフログ"", ""予定管理"", ""画像生成"", ""クラウドアーキテクチャ""]",AI Future Diaryは、予定を入力するとAIが物語風の未来日記と挿絵を生成し、実際の体験と比較して振り返りを支援するアプリです。テキスト・画像・動画生成を統合し、予定管理を楽しく継続できる新しい日記体験を提供します。
56,Artorial,https://zenn.dev/yumemi9808/articles/a7b7f2c94f0859,個人,7,0,True,200,Artorial は、初心者が「どうやって絵を書けばいいか分からない」「色の混ぜ方が難しい」といった壁を乗り越えられるように、AIを使ってユーザーが絵を描くことを支援するサービスです。好きな画像をアップロードするだけで、Gemini が難易度や配色、描き方のステップを提案。さらに印刷用の下書きや混色アドバイスも生成し、誰でも気軽に作品を完成させられます。,False,,,False,"[""Google Cloud"", ""Gemini"", ""Gemini Vision"", ""Gemini Image Generation"", ""Next.js"", ""React"", ""TypeScript"", ""Cloud Storage for Firebase"", ""Firebase Authentication"", ""Vercel""]","[""AIアート"", ""生成AI"", ""教育"", ""趣味・創作"", ""メンタルヘルス""]",Artorialは、描きたい画像をアップロードするだけでAIが絵の手順や色の作り方をステップごとに教えてくれる、初心者向けのお絵描き支援アプリです。自分のペース・好きな題材で、他人と比べずにリラックスして絵を楽しめる体験を提供します。
57,映画監督になろう,https://zenn.dev/fkky/articles/8cca5e5cc864ab,個人,,,False,404 Not Found,画像生成AIと動画生成AIを活用して、脚本や構図、撮影技法の難しいことは全部ワークフローでいい感じにできるだれでも映画監督になれるWebAppです,False,,,False,,,
58,Career Accord AI,https://zenn.dev/ux_xu/articles/6eec091279baad,個人,,,False,HTTP 403,"Career Accord AI は、応募者が将来のキャリアを見直し、自分の「やりたいこと（Will）」を実現できる世界を目指すマッチングサービスです。
応募者は履歴書・職務経歴書・Willを入力し、企業は「やらせたいこと（Mission）」や条件を登録。AI同士が交渉し、合意形成を通じて一次面接を確約します。
従来の職種名や媒体に依存せず、真に価値観と条件が合う企業と出会える体験を提供します。
さらに不足スキルも提示することで、応募者は学び直しや成長の機会を得られ、自己実現に近づくことができます。",False,,,False,,,
59,AIで理想の自分は作れる！ AIメイクアップガイド Ejan,https://zenn.dev/takkuhiro/articles/ejan-hackathon,個人,14,3,True,200,「Ejan(いいじゃん)」は、AI生成の理想像と現実のギャップを埋めるAIスタイルガイドです。多くの人々がメイクやヘアスタイルを苦手と感じる課題に対し、顔写真1枚から理想のメイク・ヘアスタイルへの具体的な道筋を可視化。NanoBananaとVeo3を活用し、パーソナライズされた段階的なビジュアルガイドと動画による実践的な説明を自動生成。従来の動画チュートリアルでは平均再生率29.5%という低い完走率の問題を、ステップごとの完成イメージと手順の明確化により解決。「なりたい自分」への変身を、誰もが自分の手で実現できるようサポートします。,False,,,False,"[""Gemini 2.5 Flash Image"", ""Nano Banana"", ""Veo 3"", ""YouTube"", ""GitHub"", ""対話型画像生成"", ""自然言語画像編集""]","[""AI画像生成"", ""メイクアップ"", ""ヘアスタイリング"", ""パーソナライズ"", ""教育・チュートリアル""]",Ejanは、AIが生成する理想のメイクやヘアスタイルに至るまでの具体的な道筋を、段階的な画像と動画で可視化するAIスタイルガイドです。顔写真1枚から個人に最適化されたスタイリング手順を生成し、再現の難しさを解消します。
60,Promo Reels- 誰でもセンスあるプロモーション動画を,https://zenn.dev/akiratake/articles/2aa98e02e1d756,個人,2,1,True,200,高品質なプロモーション動画を誰もが簡単に作れるツール「Promo Reels」は、動画制作の専門知識がない人でも、AIとのチャットを通じて撮影計画を立てられるサービスです。漠然としたアイデアから具体的なシーン割やカメラワークを導き出し、現実世界では非常に時間がかかるトライアンドエラーの時間を大幅に短縮します。Veo3などを使うことで、現実と見まがうような映像イメージを生成し、動画制作のハードルを下げ、感性豊かな表現をサポートします。,False,,,False,"[""Veo3"", ""Google Generative AI"", ""大規模言語モデル（LLM）"", ""チャットベース対話UI"", ""Webアプリケーション"", ""動画生成AI"", ""クラウドGPU環境"", ""HTML5 Video""]","[""動画生成"", ""プロモーション"", ""映像制作"", ""AIディレクション"", ""地方創生"", ""UI/UX""]",Promo Reelsは、映像制作の専門知識がない人でも、AIとの対話を通じてプロモーション動画の構成や撮影プランを立て、リアルな映像イメージを生成できるツールです。動画生成AIを活用し、試行錯誤を高速化することで、現実の撮影に活かせるディレクション体験を提供します。
61,YouTubeLM,https://zenn.dev/yuntan_t/articles/d0462d7f5c625a,チーム: 四次元テクノロジー,1,0,True,200,YouTubeのURLを貼り付けるだけで、動画の内容を分析し要点をまとめた視覚的に分かりやすいWebページを自動生成するAIサービス,False,,,False,"[""Next.js"", ""Firebase App Hosting"", ""Cloud Run Functions"", ""Python"", ""Google Cloud Storage"", ""YouTube"", ""Markdown"", ""HTML""]","[""動画要約"", ""生成AI"", ""業務効率化"", ""学習支援"", ""Webアプリ""]",YouTubeLMは、YouTubeのURLを貼り付けるだけで動画内容を分析し、要点を視覚的に分かりやすいWebページとして自動生成する動画要約サービスです。長い解説や対談動画を素早く理解・振り返ることができ、視聴体験のタイムパフォーマンス向上を支援します。
62,コマンド&AIバディ,https://zenn.dev/hanachiru/articles/ddab1de37881e5,チーム: HT With B,,,False,HTTP 403,"「言葉」だけでAIを動かす新感覚の脱出ゲーム「コマンド＆AIバディ」は、AIに初めて触れるお子様から大人まで、誰でも直感的に楽しめるAIとの対話体験を提供します。

自然言語でロボットの「バディ」を操作し、密室からの脱出に挑戦。ローカルLLM「Gemma」を搭載しているため、インターネット接続は不要で、快適なプレイが可能です。試行錯誤しながらAIに的確な指示を出す面白さを通じ、AIと共創する未来の可能性を体験してください。",False,,,False,,,
63,高齢者に寄り添い地域情報を届けるAIボット ZundaPi（ずんだパイ）,https://zenn.dev/sawasawadawasa/articles/3e144a0fa28494,チーム: コニーサワー,15,4,True,200,"日本の深刻な社会課題である、高齢者の「孤独」と「情報格差」。
この問題を、私たちは安価なRaspberry Piで動作するAIパートナー『ZundaPi』で解決します。

ZundaPiは、音声だけで操作できゴミ出しの日や地域のイベントといった生活に不可欠な情報を的確に伝えます。
さらに、お孫さんのような親しみやすい声での対話機能を備え、日々の孤独感を和らげる温かい相棒となります。

Google Cloudを活用したスケーラブルな設計により、低コストでの全国展開も可能。
技術の力で高齢者と社会を繋ぎ直し、ビジネスと社会貢献を両立させる新しい共生社会のモデルを提案します！",False,,,False,"[""Raspberry Pi 4"", ""VOICEVOX（ずんだもん）"", ""Google Cloud Run"", ""Vertex AI Gemini"", ""Vertex AI Search"", ""Google Cloud Speech-to-Text"", ""Google BigQuery"", ""Google Cloud Storage"", ""YouTube""]","[""高齢者支援"", ""音声AI"", ""チャットボット"", ""地域情報"", ""デジタルデバイド"", ""ヘルスケア""]",ZundaPiは、Raspberry Piと音声AIを活用し、高齢者が直感的に使える対話型ボットとして地域情報や雑談を提供するプロジェクトです。市政情報の取得や会話を通じて孤独感や情報格差を軽減し、安価で導入しやすい仕組みを目指しています。
64,TownReady,https://zenn.dev/arin1930/articles/13f2c045d24519,個人,0,0,True,200,"「TownReady」は、自治会、学校、企業などが長年抱えてきた防災訓練の企画・準備における非効率性と形骸化という根深い課題に対し、Google Cloudの最先端AI技術を活用した解決策を提供するプラットフォームです。
住所、参加者の属性、想定する災害といった基本情報を入力するだけで、わずか10分で地域に特化した実践的な訓練一式を自動生成。これにより、これまで数週間から数ヶ月を要していた準備期間を劇的に短縮し、誰もが質の高い防災訓練を継続的に実施できる社会を実現します。",False,,,False,"[""Google Cloud"", ""Vertex AI"", ""Vertex AI Search"", ""Imagen"", ""Google Maps Platform"", ""ハザードマップオープンデータ"", ""Markdown"", ""CSV""]","[""防災"", ""生成AI"", ""地域コミュニティ"", ""業務効率化"", ""教育・訓練""]",TownReadyは、住所や参加者情報を入力するだけで、地域特性に応じた防災訓練台本・役割表・避難経路ポスターを自動生成する防災訓練プラットフォームです。Google Cloud上の生成AIと公的データを活用し、訓練準備の属人化を解消しつつ、訓練の質と参加者の防災意識向上を支援します。
65,たすかるごはん,https://zenn.dev/otasukegohan/articles/f8e857f3de45dd,チーム: チームたすかるごはん,0,0,True,200,"「健康や節約のために自炊したいけど、毎日の献立を考えるのは大変…」そんな悩みを抱える忙しいあなたへ。私たちのマルチAI献立提案アプリ「たすかるごはん」が、そのジレンマを解決します。
多くの献立アプリが冷蔵庫の残り物や旬の食材の“どちらか”に注目する中、「たすかるごはん」は市場データと連携し、「今一番おトクで栄養価の高い旬の食材」をAIが自動で選定。その上で、健康志向AIと満足度重視AIが協力し、栄養と「食べたい！」気持ちを両立させた、あなたに最適な一週間分の献立を共同で考案します。もう献立に悩む日々は終わりです。「たすかるごはん」で、無理なく食費を節約しながら、美味しく健康的な毎日を手に入れましょう。",False,,,False,"[""Vue.js"", ""Python"", ""FastAPI"", ""Agent Development Kit"", ""Vertex AI"", ""Google Cloud Run"", ""Google Cloud""]","[""AIエージェント"", ""ヘルスケア"", ""食事管理"", ""レシピ提案"", ""Webアプリ""]",たすかるごはんは、複数のAIエージェントが協調して健康・満足感・コストを考慮した食事メニューを提案するWebアプリです。旬の食材データやユーザーの要望を基に、忙しい社会人でも無理なく続けられる自炊を支援します。
66,AI画像匿名化ツール Peacek,https://zenn.dev/rii_n/articles/6d5445c99c4f31,チーム: team LN,3,0,True,200,"画像をアップロードするだけで簡単匿名化！SNSに公開する前に個人情報を隠そう！
Peacekは、Google Cloud Run上で動作する画像処理Webアプリケーションで、Vertex AI Imagen APIを使用して人物写真の顔を花束やポストカードで隠す機能を提供します。",False,,,False,"[""Google Cloud"", ""Cloud Run"", ""Cloud Storage"", ""Vertex AI"", ""Vertex AI Imagen"", ""imagen-3.0-generate-001"", ""imagegeneration@006"", ""Webアプリケーション""]","[""画像生成"", ""プライバシー保護"", ""SNS"", ""匿名化"", ""生成AI""]",Peacekは、SNS投稿用の写真に写り込んだ顔を、モザイクやスタンプではなく自然な加工で匿名化するAI画像匿名化ツールです。Vertex AI Imagenを活用し、写真の雰囲気を保ったままプライバシーを守り、誰もが安心してSNSで自己表現できる環境を提供します。
67,No More Smoking！ ~今の喫煙習慣を続けると20年後のお前はこうだ~,https://zenn.dev/skyryo/articles/14206697a7b571,個人,6,1,True,200,"喫煙者に厳しいこのご時世、多くの人が禁煙を望みながらも、意志力だけでは限界があるのが現実です。
私が開発した「No More Smoking!」は、生成AIを活用した革新的な禁煙サポートアプリです。このアプリの最大の特徴は、ユーザーの現在の喫煙習慣と顔写真を分析し、20年後の健康被害を視覚的にリアルに表現することです。単なる文字や数値による警告ではなく、自分自身の未来の姿を目の当たりにすることで、禁煙への強いモチベーションを生み出します。
日本の約1,400万人の喫煙者が潜在的なユーザーとなり、健康増進と医療費削減への社会貢献も期待できます。
未来の自分と向き合い、今こそ変わるときです。",False,,,False,"[""Google Cloud Run"", ""Docker"", ""Google Container Registry"", ""大規模言語モデル（LLM）"", ""画像生成AI"", ""Webフロントエンド（カウンセリングフォーム）""]","[""禁煙支援"", ""ヘルスケア"", ""画像生成"", ""AI診断"", ""クラウド""]",本プロジェクトは、現在の喫煙習慣をもとに、20年後の外見や健康への悪影響をAIで可視化する禁煙支援サービスです。カウンセリング回答と顔写真から将来の顔画像や影響レポートを生成し、喫煙のリスクを直感的に伝えることで禁煙の後押しを行います。
68,「お道具アナライザー」 —— 茶道体験をアップデートするAIエージェントを作ってみた,https://zenn.dev/sugawara/articles/af4094624b7066,チーム: チーム TeaRoom,2,0,True,200,茶道の体験を「知って」「感じて」「残す」へアップデートするAIエージェントアプリを開発しました。スマホをかざすだけで茶道具や設えを認識し、その背景や意味を多言語でリアルタイム解説。写真や会話を保存し、自分だけの“学びのアルバム”として振り返ることも可能です。技術面ではGoogle ADKを用いたマルチエージェント構成とCloud Runを中心としたクラウド基盤を採用。文化体験をより深く、身近にすることを目指しました。,False,,,False,"[""Google Cloud Vertex AI"", ""Gemini API"", ""Google Cloud Vision API"", ""Firebase Authentication"", ""Firebase Firestore"", ""Cloud Functions for Firebase"", ""Next.js"", ""React"", ""WebRTC"", ""YouTube Data API""]","[""AIエージェント"", ""茶道"", ""文化体験"", ""観光DX"", ""教育"", ""多言語対応""]",本プロジェクトは、スマートフォンとAIエージェントを用いて茶道具や設えをリアルタイム解析し、その背景や意味を多言語で解説するアプリである。初心者や外国人観光客でも茶道の精神性や物語を深く理解でき、体験内容を学びとして保存・振り返ることで、日本文化をより立体的に味わえる体験を提供する。
69,LocAIver,https://zenn.dev/akakura16/articles/76c5065276ce2f,チーム: Akakura,9,4,True,200,地方自治体では、観光や特産品のPRを目的にSNSを活用した情報発信を求める声が多いものの、人手不足や外注の高コストが障壁となり、「伝えたいのに伝えられない」という課題があります。私たちの開発したLocAIverは、AIを活用し誰でも簡単にSNS特化型の地方PR映像を作成できるサービスです。対話形式で利用者の希望を引き出し、カラー絵コンテで内容を確認・編集したうえで映像を生成します。数万円・数週間を要する外注による映像制作を、わずか数千円・30分以内で実現可能とします。LocAIverは「誰もが手軽に地域の魅力を伝えられる」社会を実現します。,False,,,False,"[""Vertex AI"", ""Veo3"", ""Imagen4"", ""Lyria2"", ""Gemini 2.5 Pro"", ""Nano Banana"", ""Cloud Run"", ""YouTube""]","[""地方創生"", ""自治体DX"", ""動画生成"", ""生成AI"", ""SNSマーケティング""]",LocAIverは、地方自治体が抱える「魅力を伝えたいのに伝えられない」という課題を解決するSNS特化型の地方PR映像生成サービスです。対話形式とAIによる絵コンテ作成・映像生成により、低コストかつ短時間で誰でも簡単にPR動画を制作できます。
70,Vegitage,https://zenn.dev/niji2/articles/vegitage0000,個人,3,0,True,200,畑で生まれた、物語を持つ野菜。しかし、その声を伝える術がありませんでした。この経験から『Vegitage』は生まれました。AIが伝統野菜の歴史や個性を「手紙」として執筆し、QRコードがそれを直売所の野菜そのものに結びつけます。消費者はその場で物語を知り、生産者は想いを届けることができる。AIと人の協働で、私たちの食卓と、その背景にある文化を豊かにする挑戦です。,False,,,False,"[""OpenAI GPT-4"", ""大規模言語モデル（LLM）"", ""AIエージェント設計"", ""QRコード生成・読み取り技術"", ""スマートフォン向けWebアプリ"", ""クラウドホスティング（Webアプリ配信）"", ""自然言語生成（NLG）"", ""知識ベース／辞典データ管理"", ""コミュニティ参加型コンテンツ更新機構"", ""Webブラウザ（モバイル対応）""]","[""AIエージェント"", ""食と農業"", ""伝統野菜"", ""文化継承"", ""Webアプリ""]",Vegitageは、AIエージェントが伝統野菜の歴史や背景を「野菜自身からの手紙」として生成し、QRコードを通じて消費者に届ける辞典アプリです。生産者の想いと食文化を可視化し、食卓と地域文化を豊かにつなぎます。
71,ラクばと！,https://zenn.dev/anzn0/articles/1de3a00db22101,チーム: ReactCamp inDs,2,2,True,200,情報過多の時代における「買い物体験の疲弊」を「ラクばと！」で解決します。YouTubeなどのレビュー動画に時間を奪われ、選択に迷う現状に対し、AIがユーザーの価値観を分析し、ゲーム感覚で最適な商品を提案。楽しさと納得感のある買い物体験に変えます。,False,,,False,"[""OpenAI GPT-4"", ""OpenAI Whisper"", ""YouTube Data API"", ""Next.js"", ""React"", ""TypeScript"", ""Vercel"", ""Supabase"", ""Pinecone"", ""Node.js""]","[""AIエージェント"", ""動画要約"", ""パーソナライズ"", ""ショッピング体験"", ""レコメンドシステム""]",ラクばと！は、YouTubeの膨大なレビュー動画をAIエージェントが解析・要約し、対話とゲーム形式でユーザーの価値観を引き出しながら最適な商品選びを支援する新しい買い物体験を提供するプロジェクトです。
72,らんらんるんるん,https://zenn.dev/hosazaemoooon/articles/6f55eb1e53bd74,個人,3,0,True,200,"🏃‍♂️ らんらんるんるん 一緒に走ろう
一人でランニングする孤独感とモチベーション維持の困難を解決するAI応援団アプリです。あなた好みのAI応援団が、あなたのランニング記録に共感し、「一緒に走っていたように」一人称で励ましのメッセージを送ります。
ランニング記録を入力すると、応援団が即座に共感の返信を生成。連続記録バッジや目標管理機能で継続をサポートし、カスタム応援団（最大6人）の追加も可能。Vertex AI Gemini 1.5 FlashとFirebaseを活用したサーバーレスアーキテクチャで、自然な会話体験を実現しています。
孤独なランニングを楽しい体験に変え、継続的な健康習慣を身につけられる革新的なソリューションです。",False,,,False,"[""Next.js 15"", ""React 19"", ""Express"", ""TypeScript"", ""Firestore"", ""Firebase Storage"", ""Vertex AI Gemini 1.5 Flash"", ""Docker"", ""Cloud Run""]","[""ランニング"", ""モチベーション向上"", ""AIエージェント"", ""ヘルスケア"", ""チャットアプリ""]",らんらんるんるんは、ランニングが続かない人向けに、AI応援団が仲間となって伴走・応援してくれるアプリです。走行記録に応じてリアルタイムで共感メッセージを返し、孤独感やモチベーション低下を軽減し、楽しくランニング習慣を続けられることを目指します。
73,MonoPon,https://zenn.dev/enumura/articles/f7df0f846cf376,チーム: team-nup,3,0,True,200,"「思い出があるから捨てられない」「価値が分からない」といった片づけの心理的課題をAI技術で解決するモバイルアプリです。
Google  Vision APIで物品を撮影・認識し、Custom Search APIとGemini Pro Visionを組み合わせて商品名と市場価値を判定します。
手放す物品はデジタル思い出として写真とメモで保存し、物理的には手放しても思い出は失わない安心感を提供。ユーザーの心理的負担を軽減するアプローチを実装しました。",False,,,False,"[""Flutter"", ""Cloud Run"", ""FastAPI"", ""Google Cloud Vision API"", ""Vertex AI Gemini 2.5 Pro"", ""Custom Search JSON API"", ""Artifact Registry"", ""Cloud Build"", ""sqflite""]","[""生成AI"", ""画像認識"", ""モバイルアプリ"", ""片づけ・整理"", ""ライフスタイル""]",MonoPonは、AI画像認識と生成AIを活用して物品の価値を査定し、思い出をデジタル保存することで、物を手放す心理的ハードルを下げる片づけ支援アプリです。忙しい人でもストレスなく整理整頓を進められる体験を提供します。
74,Smart Meet Agent,https://zenn.dev/moose/articles/fc352a7e5744ef,個人,1,0,True,200,Smart Meeting Agent は、Google Cloud と Vertex AI を活用して会議の流れを自動化するエージェントです。メールから会議ニーズを検出し、参加者のカレンダーをもとに候補時間を提示、一クリックで日程確定や議事録作成まで行います。手間の多い日程調整や会後作業を減らし、効率的なコラボレーションを実現します。,False,,,False,"[""Google Cloud Run"", ""Google Cloud Functions"", ""Google Pub/Sub"", ""Google Firestore"", ""Google Vertex AI"", ""Google Gmail API"", ""Google Calendar API"", ""Google Workspace"", ""Google Docs"", ""Vercel"", ""Cloud Speech-to-Text"", ""BigQuery""]","[""AIエージェント"", ""業務効率化"", ""会議自動化"", ""Google Cloud"", ""SaaSプロトタイプ""]",SmartMeet Agentは、GmailやGoogleカレンダーと連携し、会議前の調整から会議後の議事録作成までを自律的に実行するAI秘書です。Vertex AIを活用して会議意図の理解や日程候補の提案を行い、ワンクリックで会議設定を完了させることで、ビジネスパーソンの会議業務を大幅に効率化します。
75,エルブリ（ElderBridge),https://zenn.dev/dustinli/articles/d988bb7bef8045,個人,1,0,True,200,日本で急増する電話詐欺は、高齢者など弱い立場の人々を狙い、深刻な社会課題となっています。攻撃者はAIや自動発信システムを駆使して規模を拡大する一方、防御側の手段は追いついていません。ElderBridge（エルブリ）は、このギャップを埋める新しい仕組みです。AIがおばあちゃん役として着信を先に受け、会話を解析し、ときには詐欺師を相手に“時間を稼ぎながら”怪しさを見抜きます。危険なら遮断・記録、安全なら本人へ転送。さらにホワイトリスト／ブラックリストやモニタリング機能を備え、家族や管理者も安心。電話という従来インフラをAIで再発明し、守りをスケールさせることが可能です。,False,,,False,"[""React 18"", ""TypeScript"", ""Firebase Hosting"", ""Google Cloud Run"", ""FastAPI"", ""Python 3.11"", ""Vertex AI Gemini 1.5"", ""Web Speech API"", ""Google Cloud Vertex AI"", ""Webベース音声通話シミュレーション""]","[""音声AI"", ""詐欺対策"", ""高齢者支援"", ""社会課題"", ""AIエージェント""]",ElderBridge（エルブリ）は、高齢者を狙う電話詐欺から守るためのAI電話代理システムです。AIがおばあちゃん役として先に着信を受け、音声認識と生成AIで会話内容を解析。詐欺の兆候があれば遮断・記録し、安全な場合のみ本人へ転送します。家族が通話履歴を確認できる仕組みで、電話という既存インフラをAIで再発明し、防御をスケールさせることを目指しています。
76,Gemini Baby Monitor,https://zenn.dev/sunwoodailabsii/articles/22d549bc89f6e2,チーム: Maki,0,0,True,200,Gemini Baby Monitor は、赤ちゃんを見守る安心を次のレベルへ引き上げる軽量 Web アプリです。家庭用ネットワークカメラの映像をブラウザでシンプルに確認できるだけでなく、Google Gemini API を活用した AI 画像解析で危険を自動チェック。Docker 構成による HLS / WebRTC 対応でリアルタイム性と拡張性を兼ね備え、スマホからでも安全に利用できます。保護者の“もしも”を未然に防ぐ、次世代のベビーモニターです。,False,,,False,"[""Gemini API"", ""Google Compute Engine"", ""FastAPI"", ""MediaMTX"", ""Tailscale"", ""Docker Compose"", ""Terraform"", ""GitHub Actions"", ""HLS.js"", ""WebRTC"", ""RTSP"", ""Nginx"", ""Tailwind CSS""]","[""ベビーモニター"", ""見守りシステム"", ""画像解析"", ""クラウド"", ""子育て"", ""IoT""]",Gemini Baby Monitorは、Gemini APIによる画像解析を活用し、赤ちゃんの安全状況を自動で判定・通知するスマート見守りシステムです。既存カメラとクラウドを組み合わせ、低コストかつ安全に遠隔からリアルタイム監視を実現します。
77,manatasuAI,https://zenn.dev/kapiha/articles/d1dbff93eb9b5a,個人,0,0,True,200,manatasuAIは、中学校教員の大きな負担となっている「授業準備・宿題やテスト問題」を生成AIで効率化する教育支援ツールです。教科書や過去の教材PDFをアップロードするだけで、問題・解答・解説を瞬時に自動生成し、PDFや印刷形式で利用できます。これにより、毎日平均2時間以上かかる授業準備時間を約半分に削減し、先生が本来注力すべき授業や生徒指導、自主研修に時間を振り向けられる環境を実現します。,False,,,False,"[""Flutter Web"", ""FastAPI"", ""Google Vertex AI"", ""Python"", ""RESTful API"", ""Google Cloud Platform"", ""PDF Processing"", ""Cloud Storage"", ""Large Language Models""]","[""教育"", ""業務効率化"", ""生成AI"", ""EdTech"", ""働き方改革""]",manatasuAIは、中学校教員の授業準備・宿題・テスト作成を効率化する生成AIツールです。教材PDFを基に問題や解説を自動生成し、業務時間を削減することで、教員が授業や生徒指導に専念できる環境づくりを目指します。
78,One-to-Multi Agent,https://zenn.dev/hirosuke0520/articles/316adf517f8370,チーム: 筋肉で伸ばすアルゴリズム,12,3,True,200,"One-to-Multi Agent は、発信者のワンソースマルチユースを支援するAIツールです。
1つのソース（動画、音声、テキスト）から、ユーザーごとのプロンプトに合わせて、各SNSに最適化されたコンテンツを自動生成します。
Gemini AIを活用し、YouTube、Xなど6種類のプラットフォームに対応。
Next.js + Hono + PostgreSQLで構築され、Cloud Run上で動作。
従来数時間かかっていた作業を数分に短縮し、全ての発信者の効率的なワンソースマルチユースを支援します。",False,,,False,"[""Next.js 15"", ""React 19"", ""TypeScript"", ""Tailwind CSS 4"", ""Hono"", ""Node.js 18"", ""Google Gemini 1.5 Flash"", ""PostgreSQL 15"", ""Drizzle ORM"", ""NextAuth 5"", ""ffmpeg"", ""Google Cloud Run"", ""Google Cloud Storage"", ""Docker""]","[""SNS運用"", ""生成AI"", ""マルチエージェント"", ""コンテンツ制作"", ""業務効率化""]",One-to-Multi Agentは、文章・音声・動画など単一のコンテンツから、XやInstagram、YouTubeなど複数SNS向けの投稿文を自動生成する支援サービスです。各プラットフォーム特性に最適化した発信を短時間で実現し、継続的な情報発信をサポートします。
79,Agent Canvas,https://zenn.dev/kc7525/articles/0af9ae781e0120,チーム: critical thinking crew,0,0,True,200,こちらはGUIで直感的にAIエージェントの連携（A2A）を設計できるノーコード・プラットフォームです。分析役、レビュー役など、役割の違うAIエージェントを組み合わせ、独自の自動化ワークフローを自由に構築。プロンプトだけでなくPythonコードも実行でき、ファイルアップロードによるデータ連携も簡単です。GCPとLangGraphを基盤に、複雑な実装を肩代わり。開発者はアイデアの実現そのものに集中でき、生産性を最大化します。,False,,,False,"[""Google Cloud Platform"", ""LangGraph"", ""Firebase Authentication"", ""Python"", ""YouTube""]","[""ノーコード"", ""AIエージェント"", ""業務自動化"", ""ワークフロー"", ""マルチエージェント""]",Agent Canvasは、GUI上でAIエージェント同士の連携（A2A）を直感的に設計できるノーコードAIワークフロープラットフォームです。プログラミング不要で、複数エージェントの協調動作やPython処理を組み合わせた高度な業務自動化を実現します。
80,Smart Chore App - 共働き家庭を救うAIエージェント,https://zenn.dev/tenyyprn/articles/9965fd0b8f144a,個人,0,0,True,200,共働き家庭の深刻な課題—女性の家事時間は男性の3.4倍、家事分担が原因の夫婦喧嘩は週3回。Smart Chore AppはAIエージェントが家族の特性・スケジュール・好みを学習し、最適な家事分担を自動提案するアプリです。従来アプリとの差別化ポイントは「人間が決めない」こと。意思決定疲れを根本解決し、公平性を数値化して見える化します。Firebase + Google App Engineで構築、リアルタイム同期を実現。共働き家庭の「時間貧困」を解消するAIソリューションです。,False,,,False,"[""Google Cloud Vertex AI"", ""Gemini Pro"", ""Firebase Authentication"", ""Cloud Firestore"", ""Cloud Functions for Firebase"", ""Next.js"", ""React"", ""TypeScript"", ""Cloud Scheduler"", ""BigQuery"", ""Google Analytics"", ""YouTube Embed API""]","[""AIエージェント"", ""共働き家庭"", ""家事分担"", ""業務効率化"", ""子育て"", ""Google Cloud""]",Smart Chore Appは、共働き家庭の家事・育児負担をAIエージェントで最適化するアプリです。家族の特性や状況を学習し、公平なタスク分担や忘れ防止、負担の可視化を自動で行い、家庭内のストレス軽減と家族時間の創出を支援します。
81,もしもでんわ,https://zenn.dev/kdoai/articles/b3cb679ccf0d92,個人,,,False,HTTP 403,「もしもでんわ」は、誰もが心に浮かべる“もしも”を簡単に動画化できるアプリです。スマホに向かって「もしも猫が世界を支配していたら」と話すだけで、AIがストーリーを組み立て、音声と映像を自動生成。複雑な編集や高価な機材は不要、数秒であなたの空想が形になります。想像力はあるけれど表現の手段がなかった人、創作を始めたいけれど技術に不安がある人に最適です。子供から大人まで、誰もが気軽に“もしも”を共有できる創作の民主化を実現します。,False,,,False,,,
82,添削AI 言の葉,https://zenn.dev/mugi007/articles/cf764e26f3adeb,個人,3,2,True,200,"私が制作したアプリケーションは、端的に言えば、""手書き答案の添削をAIがアシストしてくれるアプリケーション""です。

答案における「よい考え方」や「誤りの原因」を丁寧にフィードバックすることで、生徒の「長所」と、「つまずきポイント」が明確化され、復習がしやすくなります。それにより、学習のPDCAが自然と回っていきます。

一方で、テストの評価ではそのほとんどがただの採点に留まっているのが現状です。
これを添削という形にすることで、生徒の思考力の増強につながっていきます。

採点に留めざるを得ない原因の一つとして、現実に教員の平均残業時間は月88時間を超えており、採点から添削に移行するためには工数不足という非常に大きな壁が存在します。

そのため今回はAIを用いることで、答案の添削にかかってしまう時間と労力の削減に挑戦しました。",True,優秀賞,解決しようとしている課題のインパクトが大きい点と、AIをうまく活用しつつもAIにすべてを任せるのではなく人間が介入できる余地を残していて、実用的なソリューションに落とし込まれていました。審査員からもオペレーションのイメージが想像でき、地に足のついたプロジェクトであることを高く評価しました。,True,"[""Gemini 2.5 Pro"", ""Gemini API"", ""Google Cloud Platform"", ""Google Cloud Storage"", ""Cloud Run"", ""PDF処理"", ""PNG画像変換"", ""Markdown変換"", ""OCR（手書き文字認識）""]","[""教育"", ""業務効率化"", ""AI添削"", ""生成AI"", ""EdTech""]",添削AI 言の葉は、手書き答案をAIが解析・書き起こしし、採点基準に基づいた添削コメント生成を支援する教育向けアプリです。教員とAIの協業により、添削負担を大幅に軽減し、生徒の復習と理解深化を促進します。
83,Edibuddy,https://zenn.dev/moyarzabalstake/articles/d102dde6403bc9,チーム: F06,3,1,True,200,Edibuddyは、食材をキャラクター化して「友達」のように感じながら冷蔵庫を管理できるアプリです。賞味期限に応じて表情が変わる食材たちが、楽しく消費を促してくれます。さらにAIが冷蔵庫の中身から最適な献立を提案し、期限の近い食材を無駄なく活用。義務感ではなく楽しさや愛着をきっかけに、家庭から自然に食品ロス削減を実現します。,False,,,False,"[""Flutter"", ""iOS"", ""Mobile Scanner v7.0.1"", ""Open Food Facts API"", ""JANCODE LOOKUP API"", ""Firebase Firestore"", ""Nano Banana API"", ""ADK API Client"", ""Agent Development Kit (ADK)"", ""YouTube""]","[""食品ロス削減"", ""iOSアプリ"", ""AIエージェント"", ""ゲーミフィケーション"", ""サステナビリティ""]",Edibuddyは、食材をキャラクター化し賞味期限に応じた感情表現やAI献立提案を行うことで、楽しく食品ロス削減を促すiOSアプリです。バーコード管理とAIエージェントにより、冷蔵庫管理を直感的で継続しやすい体験に変えます。
84,WIND,https://zenn.dev/acntechjp/articles/bd1b64b9f13c6d,チーム: シェアラボAI,13,1,True,200,"災害時、膨大な情報に混乱し、「自分は大丈夫」と過小評価してしまう——これが命を危険にさらす現実です。
私たちが開発するWIND（What I Need to Do）は、マルチAI Agentが連携する災害情報システムです。各種メディアやSNSから情報を自動収集・要約し、ユーザーの位置や個人情報に基づいて「あなたに本当に必要な情報」だけを提供します。
「あなたの自宅は震度5弱が予想されます」「通勤経路で運行停止の可能性があります」といった具体的で客観的な影響予測により、正常性バイアスを排除し、適切な行動判断を支援、情報過多による混乱と不安を解消します。
南海トラフ地震の発生確率80％、異常気象の激化——災害常態化時代に、AI技術で一人でも多くの命を救いたい。それがWINDの使命です。",False,,,False,"[""マルチAIエージェントアーキテクチャ"", ""自然言語処理（NLP）"", ""自動要約アルゴリズム"", ""地理情報システム（GIS）"", ""位置情報サービス"", ""SNSデータクローリング"", ""リアルタイムデータストリーミング"", ""災害情報オープンデータ（気象庁・自治体）"", ""データ可視化エンジン""]","[""防災"", ""災害対策"", ""AIエージェント"", ""情報可視化"", ""意思決定支援""]",WINDは、災害時に氾濫する情報をマルチAIエージェントで収集・要約し、位置情報に基づいて個人に最適化した行動指針を提示する災害情報支援アプリです。不安や正常性バイアスを抑え、適切な判断と迅速な避難行動を支援します。
85,EnQuest,https://zenn.dev/7subasa/articles/c18676695eebbc,個人,3,1,True,200,"EnQuestは、社内イベントの「気まずい沈黙」をAIで最高の出会いに変える交流促進アプリです。
イベントの中で「話すきっかけがない」「いつも同じ人と固まる」という課題があります。EnQuestは、Vertex AI (Gemini)を活用し、参加者同士がQRコードを交換するだけで、その二人のための会話テーマを自動生成。さらに、個人のプロフィールに合わせたパーソナライズされたビンゴミッションを通じて、ゲーム感覚で部署や役職を超えた偶発的な交流を促します。

これにより、参加者全員が主役となり、イベントを一過性のものから、継続的な組織活性化へと繋げます。AIの力で、すべての出会いを「冒険」に変える、それがEnQuestです。",False,,,False,"[""Next.js"", ""shadcn/ui"", ""Node.js"", ""Express"", ""TypeScript"", ""Firestore"", ""Firebase Authentication"", ""Vertex AI Gemini"", ""Docker"", ""Cloud Run"", ""Google Cloud""]","[""社内イベント"", ""交流促進"", ""AIアプリ"", ""アイスブレイク"", ""Webアプリケーション""]",EnQuestは、社内イベントで生じがちな会話のきっかけ不足や交流の固定化といった課題を、AIの力で解決するWebアプリです。参加者のプロフィールを活用し、アイスブレイク話題生成やパーソナライズされたビンゴ、会話アシスタントを通じて自然な交流を促進します。
86,フードスナップ,https://zenn.dev/pirozhok/articles/af1bab8d09949b,個人,,,False,HTTP 403,"現代人は忙しく、健康管理は後回しになりがちです。特に、毎日の食事管理は手間がかかり、挫折する人が少なくありません。

今回のプロジェクトは、AI健康管理アプリ「FoodSnap」。食事の写真をアップだけで、AIが自動でカロリーや栄養バランスを分析。あなたの健康目標に合わせたアドバイスを毎日お届けします。

手入力は一切不要。「写真をアップ」というシンプルなアクションが、無理なく継続的な健康管理につながります。まるで専属の栄養士がいつもそばにいるかのように、あなたの健康を楽しく、確実にサポートします。

「FoodSnap」で、すべての人が食事を通して、より健康的で充実した生活を送ることを目指します。健康指導さようなら！",False,,,False,,,
87,BlueBird ～アノヒトの青い鳥～,https://zenn.dev/emuco/articles/d0215d1803193c,個人,0,0,True,200,『BlueBird』は、ユーザー専属AIの青い鳥に日々の出来事を預けると、鳥たちが「さえずり」としてタイムラインを彩る癒し系AI SNSです。青い鳥は寄り添うように日記を要約し、スズメや鷹はおしゃべりや情報収集で世界観を広げます。さらに、匿名要約を交換する「森」で間接的な共感を得られ、投稿内容に応じた「オソナエモノ」が提案される仕組みも搭載。SNS疲れに悩む人へ、AIの安心感とゆるやかなつながりを届けます。,False,,,False,"[""React"", ""React Context API"", ""localStorage"", ""Gemini API"", ""Google Cloud"", ""Google AI Studio"", ""JavaScript"", ""ブラウザフロントエンド"", ""サーバーレスアーキテクチャ""]","[""SNS"", ""AIエージェント"", ""メンタルケア"", ""癒し系アプリ"", ""生成AI""]",BlueBirdは、ユーザーの短い日記や想いに対してAIの“青い鳥”がそっと寄り添い、要約やリアクションを返す癒し系SNSです。SNS疲れを和らげ、AIとの愛着ある関係性を育む体験を提供します。
88,Hey-ya,https://zenn.dev/ynishino/articles/2f46fa718bcaa7,個人,,,False,HTTP 403,hey-yaはあなたに寄り添うマルチエージェントAIコーチングアプリです。Google Cloud Agent Development Kitの機能を活用し、ユーザーの目標やメモやプロフィール、タスクを考慮したパーソナライズドされたコーチング、長期的かつ多角的なコーチングを実現します。,False,,,False,,,
89,Persona Interview,https://zenn.dev/yana22/articles/774cd36db27f5d,個人,2,1,True,200,"ユーザーインタビューをAIでオンライン完結できるサービスを作りました。
6人の専門家と、4人のユーザー目線、合計10人のAIペルソナにインタビューできます。
彼らはAIエージェントで構築されており、それぞれエージェントには、経験があり、黒歴史もあり、最近の趣味など、、現実の人をリアルに再現したペルソナです。
グループインタビューの機能ではAIエージェント同士で会話しながら回答するので人間らしい回答が得られます。一斉インタビューで10名にまとめて聞くことも、個別に会話することもできます。
従来の調査に係る工数を大幅に削減し、企画や新機能・アイデアをブラッシュアップするために活用できます！",False,,,False,"[""OpenAI GPT-4"", ""OpenAI API"", ""LangChain"", ""Next.js"", ""React"", ""TypeScript"", ""Node.js"", ""Supabase"", ""PostgreSQL"", ""Vercel"", ""Tailwind CSS""]","[""AIペルソナ"", ""ユーザーインタビュー"", ""プロダクト開発"", ""UXリサーチ"", ""生成AI""]",Persona Interviewは、詳細な背景や黒歴史まで持つリアルなAIペルソナを生成し、オンラインでユーザーインタビューを行えるサービスです。画一的になりがちなAI回答を避け、多様な立場のペルソナ同士の対話を通じて、実在のユーザーに近いインサイトを得ることを目的としています。
90,Knowledge Hub,https://zenn.dev/tsunemori/articles/7d7be4c542c8a8,個人,2,0,True,200,"私たちのチームはベクトルデータベースに保存された情報をRAGベースのAIチャットアプリ、「Knowledge Hub」を開発しました。

主な機能は情報を新規登録・更新・削除をするインタフェース、
RAGを搭載したチャットアプリで情報を検索するインタフェースの2つになります。

またログイン機能も実装しており、社内で使うアプリケーションを想定しているため、従業員用のアカウントを作るAdmin用ログイン、従業員用ログインと2つに分けました。",False,,,False,"[""Ruby on Rails"", ""Devise"", ""Turbo Frame"", ""Turbo Streams"", ""RubyLLM"", ""Gemini 2.5 Flash Lite"", ""Gemini Embedding 001"", ""PostgreSQL"", ""pgvector"", ""Google Cloud Run""]","[""RAG"", ""社内システム"", ""ナレッジ共有"", ""情報検索"", ""業務効率化""]",Knowledge Hubは、企業内の膨大で分散した情報をRAGベースAIで一元管理・検索できる社内向けアプリです。従業員が情報を登録・更新し、チャット形式で必要な知識を迅速に取得することで、情報検索時間の短縮や新人教育の効率化、業務知識の標準化を実現します。
91,lazy-bear,https://zenn.dev/shiseitech/articles/ab93721a833fb7,チーム: lazy-bear,2,0,True,200,資格の勉強、「計画倒れ」で諦めていませんか？lazy-bearは、そんな悩みを解決するAI学習プランナーです。取得したい資格と学習期間を入力するだけで、AIがあなたに最適な学習ステップとタスクを自動で生成し、ガントチャートで可視化します。もう「何から始めるか」で悩む必要はありません。AIが常にあなたの学習進捗を見守り、計画を最適化する未来を目指します。lazy-bearで、賢く、効率的な学習を始めましょう。,False,,,False,"[""Next.js"", ""Google Cloud"", ""Cloud Run"", ""Cloud SQL for PostgreSQL"", ""PostgreSQL"", ""Vertex AI"", ""Gemini Pro"", ""Function Calling"", ""Docker""]","[""資格学習"", ""学習支援"", ""AIエージェント"", ""教育"", ""Google Cloud""]",lazy-bearは、取得したい資格と学習期間を入力するだけで、AIが最適な学習計画を自動生成する学習支援アプリです。Google CloudとVertex AIを活用し、計画立案の負担を減らし、効率的な資格学習を支援します。
92,RevuRal,https://zenn.dev/zerebom/articles/0e18d93ca870cf,個人,3,0,True,200,生成AIはアウトプットを加速させましたが、その裏で「レビュー疲れ」が深刻化し、意思決定を遅らせています。私たちの『RevuRal』は、必要な時にいつでも呼び出せる、あなたのための“専門家AIチーム”です。多角的な視点から課題を瞬時に洗い出し、対話で論点を深めることで、チームが自信を持って前に進むための、新しい形の知的生産を支援します。,False,,,False,"[""Next.js 15"", ""FastAPI"", ""Google Cloud Run"", ""Gemini 2.5 Flash Lite"", ""Google ADK"", ""Google Cloud""]","[""AIエージェント"", ""コードレビュー"", ""ドキュメントレビュー"", ""業務効率化"", ""プロダクト開発""]",RevuRalは、専門家AIエージェントが多角的な視点でドキュメントを即座にレビューするAIレビューパネルです。AI時代のレビュー疲れを解消し、対話と履歴を通じて意思決定をチームの資産へと変えます。
93,EkiPick,https://zenn.dev/tonoyama/articles/a2db07ddb7c7f5,チーム: EkiPick,2,0,True,200,"私たちは、上京や転勤を検討する人々が抱える「住む場所が分からない」という課題を解決するため、通勤時間・家賃・生活利便性を考慮して最適な駅を推薦するAI Agentを開発しました！
GCPの各種サービスを活用し、会話形式で候補駅の提案や周辺情報を提示。ピン止めやサマリー機能を備え、直感的かつ効率的に住居選びを支援します。関西からリモート勤務中の私たち自身の課題感を出発点に、学生や転勤者にも役立つ実用的なサービスを目指しています。",False,,,False,"[""React"", ""React Router v7"", ""Tailwind CSS"", ""FastAPI"", ""Agents Developer Kit"", ""Cloud SQL"", ""Cloud Run"", ""OpenTofu"", ""Vertex AI"", ""Google Maps API"", ""NAVITIME RapidAPI"", ""Gemini Flash 2.0""]","[""AIエージェント"", ""住まい探し"", ""地図連携"", ""通勤最適化"", ""Google Cloud"", ""ハッカソン""]",EkiPickは、通勤時間・家賃・周辺環境といった条件から、住むのに適した駅を自動推薦するAIエージェントシステムです。地図上で駅や施設を可視化し、会話形式で条件整理や周辺情報の調査、追加アドバイスまで行うことで、土地勘のない人でも効率的に賃貸エリアを検討できます。
94,Gehon,https://zenn.dev/yukilab/articles/e9b16e0cf5a41c,個人,2,0,True,200,Gehonは、名前と題材を入れるだけで、昔話風・水彩タッチの10ページ絵本を自動生成するNext.jsアプリです。Geminiで本文、Gemini/Imagen/Vertexのマルチエンジンでイラストを生成し、GCSに保存。Cloud Runで運用しページ遷移ごとにAIエージェントのオーケストレーションで前画像を参照し一貫性を維持、3候補からの自動選択で品質を担保します。,False,,,False,"[""Next.js"", ""React"", ""Gemini 2.5 Flash"", ""Google Gemini API"", ""Google Cloud Run"", ""Google Cloud Build"", ""Google Cloud Storage"", ""Kuroshiro"", ""Text-to-Speech (TTS)"", ""YouTube"", ""GitHub""]","[""AIエージェント"", ""教育"", ""絵本"", ""子ども向け"", ""生成AI""]",Gehonは、子どもの名前や好みを入力するだけで、AIが本文と水彩イラストを自動生成する参加型絵本AIエージェントです。Next.jsとGemini APIを活用し、物語生成と絵柄の一貫した挿絵、ふりがな・読み上げ・PDF出力などの機能を備え、能動的な読書体験を提供します。
95,AIスタイリスト,https://zenn.dev/mahiguch/articles/c4d732e173e66c,個人,0,0,True,200,自分らしさを表現したい、でもどうすればいいかわからない。「AIスタイリスト」は、この課題を根本から解決します。単なるパーソナルカラー診断を超えて、「なりたい自分」への変身体験を提供するアプリケーションです。,False,,,False,"[""Google Cloud"", ""Cloud Run"", ""Vertex AI"", ""Vertex AI Gemini-2.x-flush"", ""Imagen 4"", ""Virtual Try On API"", ""Multi-Agent Architecture""]","[""AIエージェント"", ""美容・ファッション"", ""パーソナルカラー"", ""画像生成"", ""自己表現""]",AIスタイリストは、Google Cloud上の複数AIエージェントが連携し、パーソナルカラー診断からメイク・ファッションの可視化提案までを行う美容支援アプリです。年齢や個性に合わせて「なりたい自分」を具体的な体験として提供します。
96,Gemini実装ナビ,https://zenn.dev/michishiru_ai/articles/9fc3302bef389a,チーム: Michishiru,0,0,True,200,アイデアを形にしたいのに、難易度や相場がわからない――。Gemini実装ナビは、要件テキストを解析し、機能カテゴリごとの難易度・工数・費用感を★で直感表示するツールです。非エンジニアでも開発可否の判断や、外注・学習の選択がすぐに可能に。今後は「必要な知識」「学ぶ順番」「学習タスク」を自動生成し、誰もが一歩ずつスキルを積み上げて自作できる未来をめざします。Gemini APIとCloud Runで実装。,False,,,False,"[""Vite"", ""React"", ""Node.js"", ""Express"", ""TypeScript"", ""Google Cloud Run"", ""Gemini API"", ""Vertex AI Generative Language API"", ""gcloud Buildpacks"", ""Cloud Logging""]","[""要件定義"", ""見積もり支援"", ""プロトタイピング"", ""個人開発"", ""生成AI""]",Gemini実装ナビは、要件テキストを入力するだけでアプリの実装難易度を⭐1〜5で可視化し、開発時間や費用の概算、注意点を提示するツールです。非エンジニアでも自作や外注判断をしやすくする最初の判断材料を提供します。
97,AI Decision Support,https://zenn.dev/articles/11691d0ebbd42a,個人,,,False,404 Not Found,"「意思決定、マジで難しい…」「会議、長引くし、言ってることバラバラだし…」
そんな悩みを抱えるあなたに朗報です！今回我々が開発したのは、なんと **「AIアドバイザー軍団」** を仮想会議室に召喚し、人間だけでは気づけなかった盲点や、爆速での意思決定をサポートするシステムです！",False,,,False,,,
98,カルチャー,https://zenn.dev/006613/articles/838f73cf06db78,チーム: カルチャー,8,4,True,200,"こんにちは。チームカルチャーです。

私たちは情報過多の時代に、効率的に自分好みの記事を見つけられるニュースアプリを開発しました。

特徴は以下の通りです：
・ティールをテーマカラーとしたシンプルなUI
・AIエージェント「黒猫さん」がユーザーに合わせたニュース記事を提案
・利用するほど学習し、よりパーソナライズされた情報を提供

情報収集の疲れを軽減し、自分に関連性の高いニュースだけをお届けします。",False,,,False,"[""Next.js"", ""Ruby on Rails 8"", ""Rails API"", ""PostgreSQL"", ""Google Cloud SQL"", ""Mastra"", ""Gemini 2.5 Flash"", ""JWT認証"", ""Cookie認証"", ""TypeScript""]","[""ニュースキュレーション"", ""AIエージェント"", ""レコメンドシステム"", ""個人最適化"", ""Webアプリ開発""]",カルチャーは、ユーザーに寄り添うAIエージェント付きニュースキュレーションアプリです。記事の閲覧履歴や好みをもとに学習し、黒猫のエージェントがその人に合ったニュースを提案します。情報過多の中でも快適に使える、シンプルで効率的なニュース体験を目指しています。
99,What If AI Visualizer,https://zenn.dev/daydreamer/articles/2798ac84e28df5,個人,0,0,True,200,"私たちは、イノベーションは誰もが持つ小さなアイデアから生まれると信じています。子供の頃から私たちは想像し続けています。今、私たちはその想像を現実のビジュアルに変換したいと考えました。

「What If AI Visualizer」は、Google Cloud上で動作するAI駆動の画像・動画生成プラットフォームです。「もし猫が空を飛べたら？」「もし椅子が掃除ロボットの下で浮遊できたら？」といった短いフレーズから、誰でも簡単に自分のアイデアを視覚化できます。",False,,,False,"[""Google Cloud"", ""Vertex AI"", ""Gemini 2.5 Pro"", ""Imagen 006"", ""Veo 3.0 Fast"", ""Next.js 15"", ""React Server Components"", ""TypeScript"", ""Zod"", ""Firebase"", ""Firestore"", ""Firebase Storage""]","[""画像生成"", ""動画生成"", ""生成AI"", ""プロダクト開発"", ""クラウド""]",What If AI Visualizerは、「もし〜だったら？」という短いアイデアを入力するだけで、高品質な画像や動画を自動生成できるAIビジュアライゼーションサービスです。高度なプロンプト調整をAIが担い、誰でも簡単に想像を視覚化できます。
100,Picca,https://zenn.dev/udonburo/articles/e606e6cd895aad,個人,0,0,True,200,Piccaは、顔や映像で人を判断しない「動きだけの評価基盤」です。ブラウザで抽出した骨格キーポイントをCloud Runに送り、約1秒で総合＋左右差・出力・一貫性を返却。画像/動画は長期保存せず、東京リージョン運用・一時データは24時間で自動削除。短い助言文で次の一手を示し、将来は特定職種の適性確認や安全指導を支えるHRアシスタントにも展開を見据えています。動作をより細かな信号に分解し、あらゆる拡張が可能な設計です。,False,,,False,"[""Google Cloud Run"", ""FastAPI"", ""ONNX Runtime"", ""ONNX"", ""Vertex AI"", ""Gemini 2.5 Flash-Lite"", ""Go"", ""Google Cloud Storage"", ""BigQuery"", ""Parquet"", ""YouTube""]","[""動作解析"", ""プライバシー保護"", ""低遅延AI"", ""スポーツ・リハビリ"", ""教育・HR""]",Piccaは、画像や動画を送信せず骨格キーポイントのみで動作を評価する低遅延・倫理重視の基盤です。Cloud RunとONNXによる決定論的スコアリングに、Geminiを用いた短い日本語コーチングを組み合わせ、練習・リハビリ・教育や安全指導を支援します。
101,AIコーディネーター,https://zenn.dev/k_sasaking/articles/e5475a39e5c8b7,個人,2,1,True,200,本アプリは、人物写真からAIが自然なフルボディ画像を生成し、選んだ服をリアルに着せ替えることで、まるで試着したかのようなコーディネートを体験できるサービスです。ネットショッピングでの購入前に自分に似合うかを確認でき、失敗の少ない買い物をサポートします。,False,,,False,"[""Stable Diffusion"", ""ControlNet"", ""OpenPose"", ""OpenCV"", ""Python"", ""FastAPI"", ""Next.js"", ""React"", ""AWS S3"", ""YouTube""]","[""ファッション"", ""画像生成"", ""オンラインショッピング"", ""試着体験"", ""生成AI""]",このプロジェクトは、ユーザーの写真をもとにAIでフルボディ画像を生成し、選んだ服を自然に着せ替えて試着体験を再現するアプリです。オンラインショッピングで生じやすい「イメージ違い」を減らし、購入前に自分に似合うコーディネートを視覚的に確認できることを目的としています。
102,Knowledge Gym,https://zenn.dev/water3/articles/80765d354b8978,個人,0,0,True,200,「Knowledge Gym」は、SNS依存を断ち切りつつ知的好奇心を広げるための Chrome 拡張+webアプリです。SNSを開く前にランダムに提示される記事や動画を5分以上読み、要点と感想文を書いてAI採点で合格しないとSNSを利用できません。採点は要約一致度・論理展開など5指標で評価され、結果はダッシュボードで分野バランスや弱点として可視化されます。短期間でMVPを開発し、「読書感想文」を大人向けに再解釈した本プロジェクトは、習慣形成と学習効果を同時に実現する新しい知識ジムです。,False,,,False,"[""Chrome Extension Manifest V3"", ""declarativeNetRequest"", ""Chart.js"", ""ECharts"", ""Google Cloud Functions"", ""Node.js"", ""FastAPI"", ""Gemini"", ""OpenAI API"", ""Chrome storage.local""]","[""Chrome拡張"", ""生成AI"", ""学習支援"", ""UXデザイン"", ""情報摂取改善""]",Knowledge Gym は、SNS のドゥームスクロールを防ぐために、知識インプットを条件に利用を解禁する Chrome 拡張です。記事や動画を読み感想文を書くと AI が採点し、合格することで SNS が使える仕組みを提供します。
103,フリージャ,https://zenn.dev/ryyyo/articles/55dfa6c5ec3240,個人,0,0,True,200,専門知識ゼロからでも、誰もがオリジナル商品を企画・販売できるAIアシスタント。アイデアを入力するだけで、AIが商品コンセプト、2段階の料金プラン、LPを自動生成する。自動化に特化し、外部サービス連携によって「最速で商品を形にする」ことを実現。これにより、ユーザーは商品を量産し、従来の数倍の速度で販売、講座ビジネス等で大きな収益を目指せる。,False,,,False,"[""OpenAI GPT-4"", ""Next.js"", ""React"", ""Supabase"", ""PostgreSQL"", ""AWS Lambda"", ""Vercel"", ""Stripe"", ""SendGrid"", ""HubSpot"", ""Google Analytics""]","[""AIエージェント"", ""コンテンツ生成"", ""商品開発"", ""マーケティング自動化"", ""起業支援""]",フリージャは、専門知識のない人でもアイデア入力だけで商品企画から価格設計、販売用LP作成までを自動化できるAIコンテンツプラットフォームです。迅速な商品量産と収益化を可能にし、個人から企業までスケーラブルなビジネス構築を支援します。
104,TaleZine,https://zenn.dev/gaju/articles/a84fc6ce0b6f61,チーム: TaleZine,2,1,True,200,生成AIの進化により文章作成は容易になりましたが、その一方で「自分の言葉で考え抜く力＝言語的思考力」が弱まる懸念があります。TaleZineは、この課題に対して「自分だけの本を作る体験」を通じて解決を目指します。写真や短文をZINE（自由な小冊子）にまとめるだけでAIが短編小説へと昇華。さらにAI作家との対話的な推敲を繰り返すことで、“読む→直す→また読む”という言語活動の循環を自然に引き出します。子どもから大人まで、楽しく本づくりをしながら言語力を伸ばせる学習・創作の新しい形を実現します。,False,,,False,"[""Google Cloud Platform"", ""Gemini API"", ""Gemini Flash 2.5 Image Preview"", ""Cloud Run"", ""Firebase Authentication"", ""Firestore"", ""Next.js"", ""React"", ""Node.js""]","[""生成AI"", ""教育"", ""読書支援"", ""クリエイティブ"", ""AIエージェント""]",TaleZineは、写真や短文からZINEを作り、AIと共作でオリジナル小説へ昇華させる本づくりアプリです。自作の物語を読む・直す体験を通じて、子どもを中心に言語的思考力や読書への親しみを育てることを目的としています。
105,Trypedia,https://zenn.dev/bellvine/articles/5b5d3872d33496,個人,3,0,True,200,"「いつもの休日に物足りなさを感じていませんか？」
そんな悩みを解決するのが、魅力的な体験と“偶然”出会えるアプリ『Trypedia』です。
何が出るかお楽しみの「おまかせガチャ」で、予想もしなかったワクワクを発見。タグを使った「簡単検索」で、あなたの興味にぴったりの体験を効率的に探せます。さらに、面白かった体験を投稿・記録することで、次の誰かのワクワクに繋げることもできます。
ありふれた日常に、新しい発見と感動を。さあ、Trypediaであなただけの特別な体験を探す旅に出かけませんか？",False,,,False,"[""React"", ""TypeScript"", ""Python"", ""Firebase Authentication"", ""Firestore"", ""Firebase Storage"", ""Firebase Cloud Functions"", ""Firebase Hosting"", ""Firebase Web SDK"", ""Firebase Admin SDK"", ""MUI"", ""Google Gen AI SDK"", ""Vertex AI""]","[""体験発見"", ""生成AI"", ""レコメンド"", ""ウェブアプリ"", ""Firebase""]",Trypediaは、時間や予算、興味といった条件やおまかせガチャ機能を通じて、偶然性を楽しみながら魅力的な体験と出会えることを目指したWebアプリです。生成AIとFirebaseを活用し、体験の探索・投稿・共有を直感的に行える仕組みを提供します。
106,Novel2Manga,https://zenn.dev/matsu/articles/f446cac346e262,個人,1,2,True,200,テキストで書かれた小説を自動的にマンガ形式に変換します。自分で書いた小説や記事をマンガとしてイメージできるようにしたり、著作権の消失した古典を漫画形式に再解釈することができるようになります。外国語や明治時代の文語も現代日本語口語に翻訳するので、とても読みやすくなります。,False,,,False,"[""Next.js 15"", ""React 19"", ""TypeScript 5.9"", ""Tailwind CSS"", ""Node.js 24"", ""SQLite"", ""Drizzle ORM"", ""Docker"", ""Google Gemini 2.5 Pro"", ""Google Gemini 2.5 Flash Lite"", ""@napi-rs/canvas"", ""BudouX"", ""NextAuth v5"", ""Nodemailer""]","[""生成AI"", ""マンガ制作"", ""文章変換"", ""創作支援"", ""AIエージェント""]",Novel2Mangaは、小説や文章を入力すると、LLMを活用してマンガのコマ割りと脚本形式へ自動変換するサービスです。演劇的アプローチを取り入れ、物語を視覚的に再構成し、創作や学習用途での活用を目指しています。
107,Veyoo AI,https://zenn.dev/mungunshagai/articles/f9860783d71873,チーム: Veyoo AI,2,1,True,200,AIがつくる未来のキャリア体験シミュレーター,False,,,False,"[""Vercel"", ""Veo3"", ""Imagen"", ""マルチエージェントAI"", ""音声認識AI"", ""映像生成AI"", ""WebブラウザベースUI"", ""エッジデプロイメント（Vercel）""]","[""教育"", ""キャリア支援"", ""生成AI"", ""シミュレーション"", ""EdTech""]",Veyoo.AIは、学生が音声入力を通じて興味のある職業を伝えることで、AIエージェントからのキャリアアドバイスと未来の職場を再現した映像体験を得られるキャリアシミュレーションプラットフォームです。教育と生成AIを融合し、進路選択の不安を軽減します。
108,運動支援AIエージェント AIthlete,https://zenn.dev/forest_tech/articles/5240bac7bfefa0,チーム: 3Dポージング,1,0,True,200,「AIthlete」は、運動フォーム分析のAIエージェントです。部活動や個人トレーニングで専門指導者がいない環境でも、ユーザーが撮影した運動動画をアップロードするだけで、AIがプロ選手のフォームと比較し、3Dボーンデータとして可視化します。VideoPose3Dによる高精度な動作解析とGeminiによる具体的改善アドバイスにより、「膝の曲げ方が浅い」「腕の振りが足りない」など個別課題を明確化。従来は専門家が必要だったフォーム分析を誰でも手軽に受けられるようにすることで、運動初心者から上級者まで安全かつ効率的な技術向上を支援し、スポーツを楽しむ人の増加を目指します。,False,,,False,"[""VideoPose3D"", ""Gemini"", ""Google Cloud"", ""3D Pose Estimation"", ""Computer Vision"", ""Python"", ""YouTube""]","[""AIエージェント"", ""スポーツ"", ""運動解析"", ""教育"", ""ヘルスケア""]",AIthleteは、ユーザーがアップロードした運動動画をプロ選手のフォームと比較し、3D可視化とAIによる具体的な改善アドバイスを提供する運動支援AIエージェントです。専門家なしでも安全かつ効率的にフォーム改善と技術向上を支援します。
